throughput,upload_artificial,,
440.40,100,54.8200,5G
450.91,100,54.5130,5G
440.40,100,56.9850,5G
440.41,100,55.0550,5G
429.89,100,54.2260,5G
450.90,100,54.3530,5G
450.87,100,56.5900,5G
429.94,100,56.2240,5G
450.89,100,55.4950,5G
450.86,100,56.6260,5G
450.91,100,53.6320,5G
440.36,100,54.7410,5G
450.91,100,56.8200,5G
419.43,100,57.2320,5G
419.41,100,55.2330,5G
461.39,100,53.5020,5G
440.42,100,53.3410,5G
450.86,100,56.7160,5G
440.40,100,60.6280,5G
387.97,100,58.5530,5G
419.45,100,54.2200,5G
419.44,100,55.4490,5G
440.40,100,61.8070,5G
419.42,100,62.2340,5G
440.41,100,54.1920,5G
429.89,100,58.8400,5G
419.46,100,58.9670,5G
429.90,100,55.9840,5G
419.44,100,55.4020,5G
440.41,100,54.2910,5G
440.40,100,57.0410,5G
429.91,100,55.8350,5G
440.41,100,54.7090,5G
450.88,100,56.3910,5G
429.90,100,56.6690,5G
429.94,100,55.9810,5G
440.39,100,64.4690,5G
450.89,100,60.5820,5G
450.92,100,52.6590,5G
390.31,100,52.7095,5G
367.00,100,65.2590,5G
293.60,100,57.0620,5G
367.00,100,58.2530,5G
325.07,100,59.2940,5G
367.00,100,58.4000,5G
367.00,100,63.0080,5G
387.97,100,57.5950,5G
377.51,100,57.4810,5G
398.45,100,54.8640,5G
346.04,100,59.9930,5G
335.54,100,66.9390,5G
314.56,100,60.7620,5G
387.98,100,58.3470,5G
398.48,100,58.7510,5G
387.95,100,57.8020,5G
387.97,100,64.1250,5G
387.98,100,56.6670,5G
366.99,100,55.5660,5G
408.97,100,56.3080,5G
387.96,100,56.2530,5G
398.46,100,56.3790,5G
398.44,100,56.9400,5G
408.98,100,60.2570,5G
387.96,100,60.5330,5G
367.01,100,60.8070,5G
377.49,100,59.6730,5G
408.95,100,53.8990,5G
387.96,100,60.0530,5G
398.48,100,55.6160,5G
356.50,100,62.3290,5G
429.92,100,56.6860,5G
387.97,100,71.1910,5G
387.99,100,65.2320,5G
356.51,100,61.8760,5G
387.98,100,63.8060,5G
387.96,100,60.4780,5G
367.00,100,62.4470,5G
377.49,100,62.6010,5G
398.46,100,58.1190,5G
393.20,100,65.5865,5G
408.93,100,58.7900,5G
419.44,100,58.8370,5G
356.51,100,67.0920,5G
387.97,100,67.2550,5G
398.45,100,61.0740,5G
429.94,100,57.6590,5G
408.93,100,60.2250,5G
388.00,100,71.8030,5G
356.51,100,62.6920,5G
376.90,100,59.8590,5G
420.06,100,62.2030,5G
419.44,100,66.1800,5G
387.99,100,66.9660,5G
377.50,100,57.1360,5G
429.88,100,62.5710,5G
408.96,100,61.1600,5G
398.48,100,58.4600,5G
408.94,100,62.8640,5G
408.94,100,62.8600,5G
387.98,100,65.3950,5G
419.44,100,59.1610,5G
408.94,100,58.5980,5G
377.47,100,58.2220,5G
398.48,100,65.4630,5G
398.46,100,75.0010,5G
398.46,100,55.4470,5G
408.94,100,57.9000,5G
398.46,100,64.8470,5G
398.46,100,62.3240,5G
377.49,100,69.9070,5G
398.48,100,65.3110,5G
419.32,100,60.0200,5G
398.55,100,59.5520,5G
408.93,100,58.9150,5G
408.95,100,58.3210,5G
419.43,100,60.6880,5G
408.95,100,61.0600,5G
408.94,100,60.3470,5G
408.94,100,57.9240,5G
388.89,100,62.9775,5G
440.40,100,57.9782,5G
429.91,100,59.2428,5G
440.40,100,58.6396,5G
440.33,100,58.8230,5G
450.89,100,58.6912,5G
450.90,100,58.4409,5G
440.44,100,58.3548,5G
408.91,100,60.8666,5G
450.91,100,58.7537,5G
450.86,100,57.5459,5G
419.44,100,59.9069,5G
440.40,100,60.0101,5G
429.91,100,59.8147,5G
450.91,100,59.4617,5G
440.41,100,58.8280,5G
440.34,100,59.3190,5G
440.48,100,59.2118,5G
440.38,100,59.5841,5G
429.91,100,59.7561,5G
450.92,100,58.9531,5G
419.41,100,60.8470,5G
429.92,100,61.4501,5G
419.45,100,61.3497,5G
429.92,100,60.9929,5G
429.91,100,59.8809,5G
440.41,100,59.4672,5G
429.88,100,58.6711,5G
440.41,100,60.4372,5G
419.42,100,61.3345,5G
408.93,100,62.3199,5G
440.40,100,59.3928,5G
429.90,100,60.1621,5G
440.40,100,59.3227,5G
440.40,100,59.7105,5G
429.91,100,59.8729,5G
419.41,100,61.2915,5G
440.35,100,60.0929,5G
440.42,100,59.5038,5G
429.91,100,59.8419,5G
484.82,100,58.4100,5G
429.90,100,58.9895,5G
429.92,100,59.8282,5G
440.40,100,58.6195,5G
440.42,100,59.2001,5G
440.40,100,58.8905,5G
429.92,100,58.9397,5G
440.40,100,58.3220,5G
450.96,100,58.2046,5G
419.40,100,59.8746,5G
450.88,100,58.2197,5G
450.89,100,57.6827,5G
440.41,100,58.2249,5G
450.92,100,58.5598,5G
450.91,100,59.0536,5G
387.94,100,59.3101,5G
356.55,100,61.7928,5G
408.96,100,59.8727,5G
335.55,100,60.7650,5G
325.05,100,60.1301,5G
346.05,100,60.5041,5G
346.02,100,60.0964,5G
367.01,100,60.3176,5G
367.00,100,60.0854,5G
377.45,100,60.1145,5G
367.04,100,61.0043,5G
377.49,100,59.8290,5G
367.02,100,60.4095,5G
345.97,100,60.4117,5G
283.11,100,59.9217,5G
304.04,100,57.4054,5G
325.06,100,60.4081,5G
335.54,100,60.6916,5G
346.03,100,60.3470,5G
356.51,100,60.4604,5G
293.62,100,60.0075,5G
262.15,100,60.5730,5G
283.11,100,58.2674,5G
293.60,100,61.4493,5G
293.60,100,61.8866,5G
333.28,100,60.6080,5G
419.41,100,61.7007,5G
419.44,100,60.9391,5G
419.46,100,61.3637,5G
429.90,100,59.9145,5G
429.90,100,60.8243,5G
429.90,100,60.6022,5G
419.44,100,60.1144,5G
440.60,100,60.5024,5G
419.42,100,60.9636,5G
429.92,100,60.1915,5G
429.93,100,59.8478,5G
440.45,100,60.5466,5G
419.40,100,61.4690,5G
419.46,100,62.1519,5G
440.36,100,59.5682,5G
429.95,100,60.9138,5G
419.42,100,61.2895,5G
440.43,100,58.1563,5G
440.34,100,60.1611,5G
408.98,100,61.4220,5G
409.00,100,61.7237,5G
419.44,100,62.5791,5G
429.92,100,60.5966,5G
429.95,100,59.7808,5G
440.44,100,59.6098,5G
440.40,100,59.7549,5G
429.90,100,60.1491,5G
419.45,100,62.7933,5G
419.42,100,60.8947,5G
429.94,100,61.8112,5G
419.42,100,60.8128,5G
419.43,100,61.9174,5G
429.93,100,60.8191,5G
419.42,100,59.6069,5G
440.42,100,60.3367,5G
419.42,100,60.8119,5G
429.94,100,60.7498,5G
429.90,100,61.0128,5G
419.43,100,60.7022,5G
460.54,100,60.1060,5G
419.43,100,57.5170,5G
377.50,100,57.1980,5G
387.98,100,59.1520,5G
377.49,100,65.3970,5G
398.46,100,53.6140,5G
366.99,100,58.8430,5G
408.96,100,58.6560,5G
387.97,100,58.6600,5G
367.00,100,62.5810,5G
314.57,100,57.5110,5G
356.52,100,57.5110,5G
387.98,100,55.5450,5G
387.96,100,62.1080,5G
356.52,100,76.4570,5G
367.01,100,54.1330,5G
398.44,100,62.4080,5G
356.53,100,54.4740,5G
398.46,100,57.5990,5G
366.99,100,56.5170,5G
387.99,100,57.4690,5G
367.00,100,66.2530,5G
398.46,100,60.9330,5G
398.46,100,61.8270,5G
398.45,100,61.2100,5G
387.97,100,62.8940,5G
304.09,100,62.9440,5G
335.55,100,62.1350,5G
377.49,100,58.2590,5G
366.99,100,62.6960,5G
356.52,100,61.9670,5G
356.48,100,68.9940,5G
346.06,100,66.0730,5G
324.96,100,63.8900,5G
335.64,100,67.8120,5G
367.01,100,68.2060,5G
367.00,100,69.2260,5G
356.51,100,62.3970,5G
377.49,100,61.7730,5G
335.54,100,62.5520,5G
404.88,100,62.6985,5G
367.01,100,66.4970,5G
408.94,100,76.9050,5G
377.49,100,62.2650,5G
367.01,100,58.4710,5G
367.00,100,63.0780,5G
387.98,100,54.8300,5G
398.47,100,53.6820,5G
387.97,100,61.6420,5G
367.00,100,65.2660,5G
398.47,100,61.6490,5G
377.46,100,64.1660,5G
408.96,100,54.2180,5G
408.96,100,57.8630,5G
377.48,100,56.2950,5G
398.46,100,51.9770,5G
408.95,100,61.2650,5G
366.98,100,59.2450,5G
398.48,100,64.5140,5G
367.00,100,65.8260,5G
367.00,100,62.1170,5G
367.01,100,71.0500,5G
377.48,100,65.3020,5G
387.96,100,62.8830,5G
408.95,100,72.9970,5G
387.99,100,65.1470,5G
387.95,100,63.8470,5G
408.97,100,59.7660,5G
398.47,100,60.5410,5G
387.95,100,63.1660,5G
387.98,100,62.4130,5G
387.95,100,62.8330,5G
398.47,100,60.2400,5G
398.48,100,62.1430,5G
377.49,100,65.9660,5G
377.48,100,62.3800,5G
419.41,100,59.2030,5G
398.47,100,59.7560,5G
387.99,100,61.1390,5G
366.99,100,60.7400,5G
348.94,100,67.1875,5G
398.47,100,61.5600,5G
398.46,100,60.8010,5G
408.92,100,61.6900,5G
398.47,100,60.8680,5G
408.97,100,59.0250,5G
377.33,100,57.4620,5G
398.60,100,60.4520,5G
398.47,100,62.4530,5G
367.02,100,63.2010,5G
408.94,100,58.2190,5G
419.43,100,59.7070,5G
356.47,100,71.9320,5G
377.49,100,66.9950,5G
388.00,100,68.9360,5G
377.48,100,59.6340,5G
398.46,100,60.3170,5G
398.48,100,61.1420,5G
408.93,100,64.7350,5G
408.94,100,58.0700,5G
408.93,100,59.9440,5G
398.46,100,60.8860,5G
408.94,100,64.5270,5G
408.95,100,56.0180,5G
387.98,100,57.9290,5G
408.96,100,56.5310,5G
408.94,100,64.4120,5G
387.95,100,57.1050,5G
388.00,100,58.3630,5G
408.92,100,53.9740,5G
388.01,100,61.7050,5G
366.98,100,58.8340,5G
408.94,100,56.6790,5G
429.94,100,57.9070,5G
398.46,100,62.4480,5G
408.91,100,55.3940,5G
367.00,100,65.7210,5G
346.06,100,55.2520,5G
335.51,100,74.1580,5G
293.61,100,61.5600,5G
280.84,100,61.9770,5G
786.75,100,72.7805,5G
744.45,100,68.1950,5G
753.18,100,62.5125,5G
735.75,100,67.2960,5G
671.12,100,62.6320,5G
660.57,100,58.7455,5G
723.54,100,59.7275,5G
734.00,100,59.4710,5G
723.37,100,56.5315,5G
702.64,100,64.0035,5G
723.47,100,66.7420,5G
681.68,100,56.1695,5G
608.17,100,81.1475,5G
534.77,100,64.3860,5G
576.72,100,61.1495,5G
576.71,100,59.2740,5G
608.02,100,59.0205,5G
555.89,100,63.2925,5G
587.22,100,55.5960,5G
566.22,100,51.3685,5G
576.71,100,51.8635,5G
597.68,100,57.6065,5G
639.61,100,59.9055,5G
576.74,100,61.6795,5G
566.23,100,55.9325,5G
608.17,100,60.4810,5G
608.18,100,62.3885,5G
608.17,100,57.7165,5G
608.18,100,63.5780,5G
629.07,100,64.1235,5G
629.21,100,64.0740,5G
639.64,100,67.1725,5G
629.16,100,61.8100,5G
660.57,100,60.1620,5G
744.28,100,63.1565,5G
818.18,100,56.5460,5G
828.06,100,55.5065,5G
692.28,100,58.2430,5G
650.13,100,56.6290,5G
597.52,100,63.3355,5G
544.70,100,64.1840,5G
671.08,100,63.0060,5G
713.03,100,75.3540,5G
692.07,100,57.4595,5G
765.46,100,61.6440,5G
723.52,100,60.3105,5G
734.01,100,65.5980,5G
744.49,100,77.8460,5G
765.46,100,82.2200,5G
723.51,100,58.7270,5G
744.50,100,65.6275,5G
713.02,100,65.4000,5G
754.98,100,69.8505,5G
744.50,100,66.6715,5G
733.99,100,69.1235,5G
744.50,100,64.3515,5G
713.03,100,65.6665,5G
723.51,100,60.2830,5G
775.95,100,65.4865,5G
754.99,100,70.7060,5G
744.47,100,66.5095,5G
700.01,100,69.3040,5G
757.73,100,65.1730,5G
754.97,100,65.9375,5G
723.52,100,65.0520,5G
713.04,100,62.7925,5G
775.95,100,62.2745,5G
744.48,100,61.5540,5G
734.01,100,65.2335,5G
754.96,100,70.8920,5G
692.06,100,60.0915,5G
712.82,100,58.0670,5G
660.79,100,55.0630,5G
765.47,100,68.8455,5G
765.46,100,76.3990,5G
681.59,100,62.6420,5G
744.47,100,59.6990,5G
754.98,100,62.3230,5G
765.43,100,59.6765,5G
692.06,100,69.3560,5G
713.04,100,64.3600,5G
960.60,100,72.1430,5G
901.75,100,56.6625,5G
828.42,100,63.3530,5G
870.32,100,57.8880,5G
838.86,100,59.9560,5G
870.32,100,61.1730,5G
849.35,100,64.9580,5G
870.28,100,64.1150,5G
891.28,100,57.0580,5G
870.34,100,61.9070,5G
880.84,100,59.0455,5G
891.28,100,58.3295,5G
859.77,100,57.6085,5G
849.37,100,58.9490,5G
880.83,100,57.5445,5G
891.30,100,59.0390,5G
912.24,100,56.0315,5G
880.79,100,58.7200,5G
901.79,100,57.9030,5G
901.79,100,58.5700,5G
870.32,100,59.7435,5G
901.73,100,59.4320,5G
880.67,100,57.9675,5G
859.96,100,59.1390,5G
891.30,100,58.3820,5G
901.77,100,57.5235,5G
880.85,100,61.8270,5G
838.77,100,59.6200,5G
880.57,100,58.3355,5G
881.10,100,64.6195,5G
901.77,100,59.4735,5G
880.83,100,58.1165,5G
890.89,100,58.0125,5G
891.68,100,58.0410,5G
849.36,100,61.5495,5G
859.53,100,70.0725,5G
860.11,100,67.3190,5G
901.79,100,63.1015,5G
870.25,100,54.9500,5G
891.35,100,55.5455,5G
870.35,100,58.0590,5G
828.75,100,60.4185,5G
922.75,100,56.9855,5G
912.25,100,56.4395,5G
912.27,100,57.1535,5G
912.26,100,56.4320,5G
891.29,100,56.6770,5G
912.24,100,56.7620,5G
912.28,100,55.7355,5G
901.82,100,58.4880,5G
912.22,100,56.6730,5G
912.26,100,55.7140,5G
912.26,100,55.5530,5G
922.74,100,55.8025,5G
933.23,100,57.1010,5G
901.77,100,58.3865,5G
933.24,100,56.4625,5G
912.26,100,57.4860,5G
891.29,100,56.4925,5G
901.74,100,56.0265,5G
891.29,100,55.6565,5G
901.80,100,56.4580,5G
901.79,100,58.0960,5G
901.64,100,56.9910,5G
901.82,100,55.6845,5G
901.85,100,61.4010,5G
901.74,100,55.7760,5G
922.78,100,54.9430,5G
912.26,100,55.1090,5G
943.72,100,53.8900,5G
870.32,100,54.8450,5G
933.19,100,54.2430,5G
922.78,100,57.1945,5G
922.73,100,54.7680,5G
922.74,100,55.9900,5G
922.72,100,56.4625,5G
922.73,100,55.3600,5G
922.82,100,53.7645,5G
933.20,100,54.8245,5G
922.76,100,57.7160,5G
933.21,100,55.5470,5G
891.30,100,55.9940,5G
1113.26,100,61.5415,5G
922.69,100,53.8350,5G
922.78,100,55.0360,5G
943.69,100,55.8340,5G
922.80,100,61.0835,5G
912.22,100,55.8775,5G
943.76,100,53.8440,5G
922.71,100,54.7995,5G
912.29,100,56.1730,5G
912.26,100,56.0770,5G
912.27,100,53.5060,5G
922.70,100,56.5295,5G
922.77,100,58.9705,5G
912.21,100,56.8310,5G
912.31,100,56.8450,5G
922.75,100,56.1750,5G
912.25,100,56.0670,5G
922.75,100,55.7120,5G
922.75,100,56.9225,5G
912.26,100,56.5320,5G
933.23,100,55.8620,5G
922.68,100,55.8630,5G
933.28,100,57.3820,5G
922.74,100,57.9715,5G
922.76,100,57.3520,5G
922.71,100,56.6135,5G
933.25,100,56.1635,5G
933.22,100,56.1040,5G
922.77,100,56.2405,5G
880.80,100,56.4120,5G
933.25,100,55.9840,5G
933.24,100,55.7640,5G
912.23,100,56.0715,5G
943.72,100,61.3365,5G
922.75,100,59.9080,5G
943.72,100,55.3230,5G
933.19,100,56.0695,5G
943.73,100,56.1105,5G
943.71,100,57.0240,5G
912.30,100,56.9430,5G
838.85,100,58.3640,5G
884.36,100,58.3370,5G
922.69,100,55.0835,5G
922.78,100,54.3795,5G
933.01,100,54.9450,5G
923.01,100,56.0060,5G
922.69,100,57.4210,5G
922.80,100,53.7490,5G
901.76,100,56.3660,5G
912.26,100,54.9960,5G
933.22,100,57.8460,5G
922.56,100,54.3900,5G
901.84,100,55.7275,5G
922.85,100,55.1280,5G
922.78,100,54.6605,5G
922.76,100,55.2175,5G
891.24,100,70.4330,5G
870.32,100,55.7060,5G
901.80,100,55.3055,5G
933.21,100,54.4070,5G
922.76,100,53.9795,5G
933.09,100,56.5350,5G
901.92,100,54.8540,5G
922.76,100,55.9780,5G
943.72,100,54.1125,5G
933.24,100,55.0180,5G
943.72,100,54.5485,5G
943.71,100,52.9235,5G
912.25,100,55.1755,5G
933.09,100,54.9770,5G
922.90,100,53.7805,5G
933.21,100,55.5765,5G
933.20,100,53.0660,5G
912.24,100,54.0590,5G
943.79,100,56.0725,5G
933.24,100,54.2605,5G
901.78,100,55.7825,5G
912.25,100,56.8165,5G
912.22,100,53.9360,5G
943.76,100,54.1060,5G
912.12,100,56.5465,5G
922.91,100,57.9890,5G
969.38,100,56.5560,5G
671.12,100,73.6685,5G
784.92,100,60.2125,5G
745.93,100,68.6460,5G
796.93,100,60.0860,5G
744.45,100,59.2865,5G
754.97,100,61.8270,5G
744.52,100,57.4655,5G
775.94,100,75.4490,5G
744.45,100,65.9165,5G
754.97,100,73.0915,5G
744.53,100,62.6380,5G
733.97,100,67.9150,5G
671.09,100,72.0145,5G
650.13,100,66.2305,5G
734.01,100,63.0285,5G
775.95,100,61.2625,5G
733.99,100,64.8940,5G
734.03,100,64.1390,5G
734.00,100,68.5140,5G
734.00,100,59.7580,5G
723.50,100,63.6580,5G
713.02,100,61.6930,5G
807.45,100,61.8820,5G
734.01,100,61.5780,5G
713.00,100,55.2240,5G
775.98,100,60.9110,5G
786.42,100,68.5255,5G
723.52,100,67.6460,5G
524.30,100,58.9465,5G
597.69,100,68.4075,5G
650.08,100,55.1490,5G
692.06,100,64.7370,5G
566.24,100,61.5030,5G
576.73,100,63.1560,5G
618.65,100,60.2340,5G
650.11,100,60.7125,5G
534.77,100,58.2360,5G
346.04,100,62.8825,5G
335.53,100,59.0920,5G
314.57,100,60.2670,5G
316.95,100,60.6185,5G
660.63,100,60.9020,5G
618.67,100,61.0440,5G
608.17,100,82.7720,5G
576.71,100,61.2385,5G
587.19,100,60.1080,5G
639.65,100,59.5250,5G
618.66,100,63.0545,5G
639.63,100,59.7930,5G
660.62,100,71.3205,5G
702.55,100,60.9575,5G
702.59,100,62.5430,5G
723.47,100,64.5475,5G
681.56,100,60.8290,5G
671.06,100,68.7435,5G
723.51,100,63.5060,5G
775.98,100,61.3800,5G
796.54,100,61.5980,5G
660.90,100,68.7675,5G
608.18,100,64.1560,5G
660.58,100,66.7865,5G
776.00,100,57.9400,5G
660.61,100,59.6610,5G
692.06,100,60.1365,5G
660.57,100,60.9400,5G
702.55,100,64.7490,5G
639.65,100,61.7570,5G
702.36,100,70.9030,5G
671.26,100,67.5900,5G
723.51,100,61.9415,5G
744.49,100,65.5305,5G
734.02,100,66.2585,5G
671.06,100,62.9270,5G
744.21,100,59.2530,5G
713.32,100,60.4035,5G
692.04,100,66.2905,5G
723.56,100,59.7200,5G
733.97,100,65.8310,5G
702.48,100,62.7795,5G
608.26,100,61.8940,5G
608.13,100,64.3250,5G
736.55,100,66.4570,5G
713.04,100,60.1890,5G
618.61,100,65.1265,5G
597.71,100,61.2605,5G
671.06,100,63.2545,5G
671.08,100,61.1800,5G
629.15,100,67.5420,5G
650.11,100,66.6645,5G
723.54,100,61.6090,5G
660.51,100,84.0450,5G
503.37,100,65.3270,5G
608.18,100,76.4515,5G
713.04,100,64.1770,5G
671.10,100,59.1145,5G
629.17,100,59.9110,5G
534.76,100,60.3270,5G
545.27,100,62.1150,5G
639.61,100,58.0300,5G
671.10,100,64.4760,5G
723.52,100,59.1875,5G
629.12,100,62.7310,5G
618.65,100,60.1225,5G
660.62,100,64.1440,5G
650.15,100,61.0000,5G
650.10,100,67.5185,5G
534.77,100,68.5015,5G
618.68,100,62.9335,5G
629.12,100,62.4885,5G
723.52,100,63.5520,5G
681.63,100,60.9845,5G
650.06,100,62.2210,5G
671.12,100,63.0915,5G
681.54,100,59.5245,5G
597.70,100,59.0625,5G
587.20,100,71.5735,5G
618.67,100,58.7730,5G
639.64,100,67.2675,5G
608.18,100,63.1230,5G
702.51,100,65.2175,5G
566.24,100,66.4230,5G
671.08,100,67.1725,5G
715.02,100,65.1440,5G
1100.96,100,79.6690,5G
1027.65,100,86.6335,5G
1069.53,100,84.4210,5G
1059.09,100,85.5525,5G
985.65,100,75.1290,5G
975.06,100,85.0410,5G
996.28,100,94.2630,5G
943.66,100,78.3355,5G
933.21,100,68.9550,5G
954.25,100,85.1928,5G
985.71,100,84.4310,5G
922.69,100,88.8760,5G
964.78,100,64.7933,5G
859.76,100,60.1810,5G
723.50,100,57.5085,5G
870.32,100,62.6940,5G
901.79,100,67.5853,5G
880.81,100,59.7260,5G
901.77,100,57.1998,5G
891.24,100,58.8383,5G
817.93,100,62.0815,5G
838.82,100,58.7000,5G
912.31,100,70.5880,5G
807.39,100,62.5070,5G
838.88,100,67.9825,5G
859.83,100,57.7153,5G
901.77,100,57.3275,5G
796.93,100,63.8898,5G
922.75,100,56.1028,5G
870.29,100,64.5095,5G
744.35,100,61.6553,5G
797.08,100,64.7283,5G
786.39,100,64.2120,5G
734.05,100,62.3110,5G
859.79,100,66.3500,5G
618.67,100,58.3445,5G
733.99,100,72.9938,5G
618.51,100,58.4130,5G
723.71,100,58.0453,5G
786.43,100,63.5183,5G
758.79,100,60.9403,5G
1730.17,100,57.0973,5G
1698.64,100,60.0930,5G
1688.24,100,55.6633,5G
1698.69,100,56.6985,5G
1709.18,100,58.0500,5G
1730.02,100,58.6168,5G
1761.73,100,61.3790,5G
1709.20,100,57.5505,5G
1656.73,100,62.3733,5G
1625.31,100,59.5415,5G
1614.78,100,57.8728,5G
1656.37,100,66.8788,5G
1709.67,100,61.7265,5G
1625.20,100,66.0925,5G
1709.22,100,61.3528,5G
1677.71,100,62.3473,5G
1709.10,100,62.2225,5G
1688.28,100,59.7535,5G
1730.08,100,60.1958,5G
1698.70,100,63.1190,5G
1719.80,100,61.3768,5G
1750.94,100,57.9848,5G
1656.72,100,57.0775,5G
1772.17,100,57.5348,5G
1740.66,100,57.6283,5G
1646.29,100,60.9165,5G
1583.26,100,59.0228,5G
1667.33,100,65.3063,5G
1677.71,100,60.4850,5G
1656.74,100,63.0508,5G
1457.52,100,63.0538,5G
1667.20,100,61.8460,5G
1646.32,100,56.0323,5G
1614.78,100,58.6793,5G
1436.57,100,79.6020,5G
1551.93,100,65.1613,5G
1625.21,100,55.9353,5G
1635.79,100,62.1978,5G
1667.28,100,66.5223,5G
1593.86,100,61.4005,5G
1759.49,100,59.2405,5G
1499.67,100,99.9533,5G
1540.74,100,61.9608,5G
1458.18,100,66.6575,5G
1226.79,100,81.4153,5G
1488.34,100,68.3460,5G
1395.11,100,61.5128,5G
1373.72,100,66.8358,5G
1415.48,100,64.1368,5G
1426.14,100,63.5615,5G
1488.88,100,83.9138,5G
1488.68,100,58.9590,5G
1552.26,100,62.8988,5G
1688.15,100,66.0510,5G
1646.40,100,62.7835,5G
1646.29,100,67.6593,5G
1740.67,100,60.4108,5G
1488.90,100,74.5395,5G
1583.25,100,57.1865,5G
1688.33,100,56.6223,5G
1709.15,100,59.4785,5G
1740.72,100,59.9013,5G
1624.76,100,69.2168,5G
1615.34,100,61.7863,5G
1709.18,100,57.6613,5G
1625.23,100,62.8305,5G
1614.84,100,65.3618,5G
1656.69,100,65.0558,5G
1583.43,100,57.6305,5G
1478.06,100,81.6328,5G
1436.94,100,64.9248,5G
1677.71,100,66.6185,5G
1719.72,100,57.5953,5G
1646.26,100,64.7095,5G
1677.73,100,61.0265,5G
1478.38,100,68.7718,5G
1625.39,100,66.3015,5G
1625.25,100,65.6573,5G
1677.79,100,59.5528,5G
1719.72,100,56.1263,5G
1719.63,100,62.1070,5G
1748.45,100,64.1005,5G
1593.86,100,68.6938,5G
1551.80,100,75.7918,5G
1551.41,100,75.1760,5G
1499.78,100,66.0190,5G
1625.52,100,61.9503,5G
1625.29,100,56.8710,5G
1740.67,100,58.8175,5G
1751.12,100,57.4723,5G
1740.58,100,59.4365,5G
1667.24,100,62.6743,5G
1761.65,100,55.7593,5G
1656.81,100,63.6055,5G
1425.96,100,74.4433,5G
1436.60,100,56.2460,5G
1352.67,100,69.9160,5G
1331.61,100,73.8505,5G
1467.98,100,73.7538,5G
1405.04,100,75.3940,5G
1426.25,100,68.1758,5G
1541.38,100,65.1985,5G
1551.87,100,68.7650,5G
1729.56,100,55.3878,5G
1814.58,100,60.5380,5G
1772.13,100,55.7588,5G
1780.38,100,56.4355,5G
1774.27,100,54.8475,5G
1751.18,100,56.4168,5G
1793.02,100,57.9025,5G
1447.04,100,74.4400,5G
1468.03,100,60.8265,5G
1793.09,100,60.6783,5G
1772.09,100,60.4910,5G
1751.05,100,56.8463,5G
1719.74,100,60.0178,5G
1667.16,100,58.3788,5G
1688.19,100,61.8690,5G
1635.87,100,57.6403,5G
1729.96,100,56.7118,5G
1772.32,100,56.8695,5G
1782.43,100,57.3113,5G
1789.85,100,57.5300,5G
1751.28,100,58.5128,5G
1709.00,100,59.0128,5G
1604.48,100,64.1400,5G
1572.87,100,63.7900,5G
1646.25,100,58.6220,5G
1740.31,100,59.1998,5G
1730.27,100,57.8230,5G
1793.30,100,56.0830,5G
1677.61,100,60.1198,5G
1677.80,100,61.9603,5G
1698.72,100,58.1480,5G
1719.65,100,58.7653,5G
1761.59,100,60.0065,5G
1730.17,100,63.1965,5G
1677.66,100,75.2258,5G
1677.78,100,59.3260,5G
1646.24,100,88.3258,5G
1541.47,100,56.6128,5G
1562.34,100,56.7230,5G
1551.88,100,68.0543,5G
1604.30,100,56.0430,5G
1751.15,100,57.8390,5G
1730.14,100,68.6333,5G
1447.05,100,66.2365,5G
1447.03,100,57.2650,5G
1488.94,100,69.8803,5G
1499.48,100,66.4728,5G
1730.19,100,59.0370,5G
1562.35,100,68.3988,5G
1562.38,100,60.9788,5G
1550.46,100,68.7805,5G
1637.36,100,67.0128,5G
1530.88,100,64.4388,5G
1509.94,100,68.3213,5G
1572.87,100,76.6595,5G
1625.29,100,65.1443,5G
1667.17,100,55.8925,5G
1635.82,100,57.4803,5G
1625.20,100,63.0573,5G
1761.73,100,57.2918,5G
1663.68,100,57.6595,5G
943.60,100,77.1648,5G
1080.08,100,85.5548,5G
943.75,100,90.1505,5G
1006.58,100,90.9118,5G
922.84,100,93.9348,5G
912.22,100,98.3225,5G
901.74,100,102.4785,5G
933.27,100,90.9345,5G
891.32,100,85.7560,5G
975.18,100,87.1368,5G
1069.54,100,63.8998,5G
1142.96,100,64.1158,5G
1069.54,100,87.3843,5G
1090.51,100,72.3873,5G
1090.53,100,64.0498,5G
1080.04,100,55.3935,5G
1111.49,100,67.1020,5G
1038.06,100,76.1018,5G
1048.60,100,56.5538,5G
891.30,100,62.9063,5G
859.83,100,58.0883,5G
880.80,100,61.4078,5G
849.34,100,80.9758,5G
912.28,100,64.7948,5G
880.76,100,71.3128,5G
849.39,100,64.0590,5G
744.46,100,61.1365,5G
901.72,100,62.4298,5G
880.80,100,63.7613,5G
765.51,100,58.5088,5G
681.58,100,57.3555,5G
734.03,100,62.9425,5G
765.46,100,64.7523,5G
786.39,100,56.8055,5G
786.42,100,58.7353,5G
817.92,100,62.2750,5G
681.57,100,58.7813,5G
702.54,100,62.9328,5G
650.10,100,72.0255,5G
692.08,100,61.1653,5G
715.28,100,61.3353,5G
587.23,100,69.5480,5G
618.63,100,65.5458,5G
618.65,100,68.7050,5G
744.52,100,72.2905,5G
597.70,100,68.6413,5G
681.54,100,57.0930,5G
755.02,100,54.1720,5G
692.01,100,57.6528,5G
786.45,100,61.7530,5G
880.84,100,54.5700,5G
838.75,100,54.1775,5G
734.07,100,58.0820,5G
765.45,100,62.2265,5G
754.98,100,61.5018,5G
786.40,100,62.9020,5G
734.06,100,59.1498,5G
671.07,100,71.1835,5G
660.61,100,71.8943,5G
849.37,100,56.9425,5G
786.39,100,56.2358,5G
702.59,100,60.7248,5G
723.54,100,59.3128,5G
817.88,100,52.4883,5G
765.45,100,57.8185,5G
629.13,100,56.3920,5G
713.03,100,60.1593,5G
692.03,100,61.2133,5G
702.55,100,60.7845,5G
744.47,100,55.5825,5G
713.09,100,55.7585,5G
702.53,100,63.1185,5G
681.52,100,61.5298,5G
524.35,100,67.2570,5G
608.10,100,53.6360,5G
650.14,100,70.4743,5G
734.06,100,59.1068,5G
681.49,100,53.5968,5G
608.21,100,61.9595,5G
639.61,100,64.6253,5G
639.58,100,57.9620,5G
857.01,100,55.9130,5G
838.90,100,76.3310,5G
849.32,100,82.3343,5G
817.92,100,83.7383,5G
775.90,100,81.0185,5G
807.47,100,93.0898,5G
817.86,100,84.9985,5G
817.90,100,86.2140,5G
807.40,100,80.4208,5G
807.41,100,96.1088,5G
859.82,100,86.6110,5G
912.28,100,93.5865,5G
870.31,100,114.9378,5G
849.33,100,111.7308,5G
870.33,100,111.6375,5G
817.90,100,116.3593,5G
1069.58,100,70.3390,5G
1017.07,100,88.3175,5G
943.73,100,95.1688,5G
996.08,100,72.6455,5G
1080.08,100,74.4435,5G
1090.56,100,78.0313,5G
1142.95,100,71.1610,5G
1111.23,100,67.8075,5G
975.35,100,67.6493,5G
1111.47,100,77.1653,5G
1101.04,100,60.2355,5G
1080.13,100,74.8183,5G
912.19,100,64.4378,5G
859.85,100,68.6008,5G
891.22,100,61.6815,5G
933.31,100,63.6025,5G
922.71,100,66.0910,5G
744.49,100,57.0145,5G
629.12,100,66.6338,5G
660.62,100,62.1678,5G
671.10,100,63.3373,5G
650.11,100,71.1338,5G
713.04,100,59.1970,5G
754.98,100,58.0513,5G
713.00,100,61.2685,5G
1094.91,100,63.3858,5G
796.92,100,120.5430,5G
796.99,100,124.2430,5G
807.37,100,116.1305,5G
775.88,100,123.1628,5G
817.89,100,108.9080,5G
817.92,100,125.6235,5G
807.42,100,129.5930,5G
796.93,100,123.3293,5G
807.39,100,119.0303,5G
786.41,100,110.4560,5G
817.87,100,121.4948,5G
807.39,100,122.4063,5G
807.49,100,121.7535,5G
786.43,100,123.0360,5G
817.86,100,128.5578,5G
786.44,100,122.6890,5G
817.88,100,124.3355,5G
702.54,100,145.2773,5G
692.06,100,136.4728,5G
744.49,100,114.2423,5G
817.89,100,122.2615,5G
786.40,100,107.3770,5G
807.39,100,114.7155,5G
807.42,100,119.7798,5G
807.44,100,119.0548,5G
796.94,100,120.6105,5G
807.41,100,118.7358,5G
786.40,100,116.2710,5G
828.40,100,112.3755,5G
786.44,100,98.4660,5G
807.39,100,128.3765,5G
796.93,100,106.7278,5G
786.43,100,122.1660,5G
807.41,100,122.7220,5G
817.89,100,119.4418,5G
796.91,100,120.3360,5G
807.40,100,123.2505,5G
775.96,100,120.8798,5G
817.87,100,108.7903,5G
807.43,100,116.9755,5G
949.57,100,120.4883,5G
1268.97,100,150.2791,5G
1268.63,100,134.8826,5G
1468.14,100,111.2471,5G
1614.85,100,97.5620,5G
1824.56,100,110.2640,5G
1614.72,100,150.6703,5G
1247.86,100,93.8965,5G
1247.64,100,135.4719,5G
1237.39,100,135.5409,5G
1247.90,100,134.7459,5G
1237.18,100,113.6339,5G
1405.13,100,106.9313,5G
1562.39,100,109.8021,5G
1530.88,100,117.9328,5G
1499.44,100,111.7793,5G
1572.90,100,112.9966,5G
1509.92,100,118.2105,5G
1499.63,100,116.1631,5G
1509.96,100,118.6833,5G
1499.46,100,127.8695,5G
1530.91,100,109.3205,5G
1530.86,100,114.8481,5G
1604.33,100,118.9146,5G
1520.50,100,121.4820,5G
1541.40,100,118.5228,5G
1457.51,100,129.0108,5G
1530.97,100,124.7520,5G
1625.23,100,116.1939,5G
1583.35,100,122.7501,5G
1489.05,100,130.4500,5G
1488.92,100,130.3673,5G
1457.52,100,135.2124,5G
1520.43,100,137.2420,5G
1488.61,100,131.5938,5G
1520.77,100,128.9564,5G
1520.48,100,132.9621,5G
1530.92,100,126.7235,5G
1604.30,100,117.5124,5G
1604.35,100,128.0978,5G
1604.25,100,130.0501,5G
1565.81,100,138.1830,5G
2044.73,100,99.3803,5G
2055.24,100,96.7613,5G
2002.65,100,98.0643,5G
2055.31,100,100.0028,5G
2013.30,100,97.2310,5G
2055.16,100,95.8430,5G
2065.65,100,95.7289,5G
2013.23,100,96.9664,5G
2034.37,100,97.7789,5G
2034.17,100,97.2605,5G
2065.67,100,96.8173,5G
2013.26,100,114.5001,5G
2023.76,100,92.2471,5G
2044.73,100,88.6605,5G
2076.18,100,101.5344,5G
2002.71,100,99.7036,5G
2044.82,100,95.8784,5G
2034.06,100,99.4993,5G
2034.42,100,97.4738,5G
2023.70,100,99.9191,5G
2023.73,100,99.0485,5G
2002.78,100,99.0466,5G
2002.79,100,96.0790,5G
1992.35,100,99.5530,5G
2065.70,100,98.8414,5G
2013.21,100,100.7998,5G
1971.37,100,98.8151,5G
2034.29,100,96.3954,5G
2065.57,100,99.7746,5G
2034.29,100,97.9524,5G
2023.80,100,99.7196,5G
2023.68,100,99.6636,5G
1981.84,100,106.4298,5G
2013.26,100,97.6204,5G
2044.75,100,98.2653,5G
2055.19,100,99.9988,5G
2023.76,100,100.4918,5G
2034.24,100,96.1339,5G
2055.18,100,98.3826,5G
2034.26,100,99.5595,5G
1698.14,100,95.8580,5G
2065.67,100,95.9233,5G
2034.37,100,98.7488,5G
2044.62,100,97.6925,5G
2023.83,100,97.1034,5G
1845.38,100,100.8054,5G
1866.01,100,97.8090,5G
1751.67,100,111.3591,5G
1866.40,100,98.4959,5G
1918.85,100,121.2289,5G
2002.75,100,99.3519,5G
2034.38,100,98.4094,5G
1960.77,100,115.9456,5G
1950.48,100,96.0588,5G
2034.17,100,100.4385,5G
1918.94,100,98.5298,5G
2044.61,100,96.0990,5G
2023.79,100,97.3106,5G
2044.69,100,96.8426,5G
2055.25,100,96.6620,5G
2023.64,100,96.0234,5G
2002.77,100,86.0631,5G
1782.67,100,102.3774,5G
1761.57,100,113.7939,5G
1866.53,100,95.4901,5G
1971.32,100,100.6054,5G
1761.54,100,97.4870,5G
1950.37,100,96.7569,5G
1960.85,100,124.6323,5G
1719.69,100,111.1460,5G
1772.07,100,113.7431,5G
1793.06,100,106.6150,5G
2002.91,100,97.0455,5G
1950.27,100,114.8274,5G
1772.13,100,112.0716,5G
1855.92,100,109.2015,5G
1887.44,100,97.5176,5G
2023.75,100,95.1898,5G
1918.88,100,112.4771,5G
1876.98,100,97.7263,5G
2044.71,100,98.3875,5G
1500.98,100,96.7331,5G
1792.14,100,79.9636,5G
1772.12,100,85.2375,5G
1436.54,100,105.1720,5G
1530.81,100,102.8901,5G
1531.05,100,102.2196,5G
1489.06,100,107.9268,5G
1530.90,100,103.6807,5G
1593.81,100,101.4471,5G
1604.41,100,99.4043,5G
1363.18,100,116.3612,5G
1384.03,100,114.6843,5G
1709.43,100,94.1903,5G
1551.86,100,106.3865,5G
1814.18,100,92.5550,5G
1520.45,100,109.4504,5G
1499.40,100,112.5208,5G
1447.04,100,119.4330,5G
1541.44,100,116.1282,5G
1468.05,100,122.2073,5G
1447.09,100,125.5555,5G
1614.67,100,114.4626,5G
1793.07,100,106.7789,5G
1866.57,100,105.1468,5G
1898.05,100,101.3900,5G
1845.28,100,109.3766,5G
1793.00,100,108.9369,5G
1604.52,100,120.8048,5G
1730.08,100,114.8600,5G
1939.63,100,101.2112,5G
1981.83,100,97.2582,5G
2044.94,100,97.6074,5G
1908.36,100,102.9383,5G
1918.92,100,103.5805,5G
1709.16,100,110.1663,5G
1373.73,100,135.8724,5G
1530.92,100,128.6189,5G
1530.90,100,126.9216,5G
1310.78,100,143.3583,5G
1184.89,100,146.3313,5G
1279.21,100,137.1806,5G
1070.08,100,147.8769,5G
1342.02,100,128.5760,5G
1698.68,100,102.9774,5G
1384.10,100,125.4852,5G
1132.46,100,142.3557,5G
1530.95,100,110.8057,5G
1551.93,100,109.7916,5G
1384.09,100,123.2346,5G
1111.48,100,140.0089,5G
1069.55,100,146.0492,5G
1080.06,100,130.1395,5G
1384.11,100,108.9803,5G
1593.84,100,92.5710,5G
1625.30,100,90.5977,5G
1698.75,100,89.0732,5G
1446.95,100,105.1015,5G
1405.07,100,106.9940,5G
1279.28,100,118.1204,5G
1279.29,100,119.3282,5G
1142.94,100,138.2530,5G
883.41,100,131.6158,5G
580.78,100,137.7499,5G
989.02,100,112.6786,5G
1803.53,100,90.7313,5G
1415.60,100,115.9323,5G
1688.21,100,99.9293,5G
1824.56,100,93.3296,5G
1425.93,100,123.8864,5G
1824.62,100,89.1729,5G
1593.86,100,106.3775,5G
2023.72,100,84.6534,5G
2034.23,100,86.1465,5G
2023.63,100,87.4813,5G
2344.83,100,88.0672,5G
1845.52,100,98.3165,5G
1908.36,100,94.8732,5G
1478.57,100,125.6579,5G
1877.00,100,99.9374,5G
2034.27,100,90.7730,5G
1792.87,100,101.3545,5G
1604.41,100,115.3987,5G
1438.72,100,105.1843,5G
1593.80,100,119.3175,5G
1593.85,100,111.2961,5G
1562.28,100,125.7309,5G
1572.87,100,103.4209,5G
1751.16,100,95.0333,5G
1142.95,100,147.8251,5G
1184.85,100,154.2425,5G
1247.86,100,131.8604,5G
1405.15,100,113.8711,5G
1572.78,100,109.8508,5G
1583.40,100,114.1850,5G
1572.90,100,112.0141,5G
1583.35,100,113.8304,5G
1541.38,100,125.0116,5G
1331.69,100,141.9945,5G
1646.28,100,110.3848,5G
1646.28,100,94.9541,5G
1625.29,100,107.9300,5G
1572.86,100,105.7640,5G
1740.57,100,83.1801,5G
1761.68,100,99.6124,5G
1719.64,100,106.6305,5G
1436.10,100,113.8383,5G
1237.68,100,138.7616,5G
1132.41,100,81.3238,5G
1520.55,100,81.6660,5G
1517.34,100,109.2675,5G
1376.40,100,134.5739,5G
1457.53,100,107.6036,5G
1468.05,100,118.3741,5G
1405.07,100,119.9406,5G
1499.46,100,118.1258,5G
1709.11,100,107.3495,5G
1489.05,100,112.2524,5G
1583.34,100,105.3751,5G
1583.39,100,114.7621,5G
1604.29,100,93.2398,5G
1562.38,100,113.2618,5G
1499.47,100,107.9360,5G
1698.73,100,107.6183,5G
1548.32,100,110.4420,5G
1436.49,100,82.7683,5G
1635.79,100,79.1476,5G
1394.57,100,82.4176,5G
1405.07,100,95.4863,5G
1279.36,100,101.3283,5G
1310.70,100,92.0019,5G
1142.92,100,173.0436,5G
786.46,100,136.9324,5G
754.93,100,136.3035,5G
901.72,100,131.8329,5G
912.28,100,126.5575,5G
828.40,100,126.0233,5G
849.34,100,134.8051,5G
807.39,100,127.7563,5G
775.94,100,147.6534,5G
775.93,100,133.1560,5G
849.43,100,137.4136,5G
838.77,100,128.8288,5G
723.58,100,134.5815,5G
775.88,100,138.0249,5G
744.47,100,144.3995,5G
734.10,100,151.7728,5G
733.94,100,145.6110,5G
838.87,100,122.1265,5G
870.30,100,118.2751,5G
838.91,100,140.5308,5G
828.40,100,144.7889,5G
828.38,100,138.9334,5G
901.75,100,131.3454,5G
859.88,100,156.5660,5G
859.81,100,163.9445,5G
964.69,100,106.7236,5G
954.20,100,125.5020,5G
912.27,100,132.4278,5G
891.28,100,131.7881,5G
975.14,100,127.4699,5G
1027.64,100,118.8681,5G
1059.06,100,122.6871,5G
1174.40,100,85.6638,5G
1551.85,100,94.7578,5G
2006.04,100,94.4070,5G
1184.88,100,76.3280,5G
1122.00,100,65.8254,5G
1048.58,100,61.1000,5G
985.67,100,72.0961,5G
1006.62,100,70.2969,5G
859.86,100,69.4185,5G
891.27,100,58.3109,5G
943.72,100,61.8774,5G
891.28,100,66.3808,5G
838.85,100,91.1093,5G
891.30,100,60.5355,5G
964.70,100,58.1055,5G
838.86,100,58.8668,5G
901.77,100,56.1806,5G
912.26,100,56.0543,5G
933.24,100,59.3636,5G
943.72,100,58.1104,5G
933.24,100,59.5381,5G
985.64,100,64.6361,5G
1048.59,100,61.3695,5G
1059.05,100,71.9675,5G
1090.50,100,70.6889,5G
1017.13,100,89.4510,5G
964.74,100,102.9710,5G
943.64,100,89.6018,5G
1184.95,100,73.8684,5G
1090.50,100,105.9316,5G
1100.96,100,96.3471,5G
1080.09,100,111.5576,5G
1142.94,100,94.8915,5G
1205.87,100,100.0999,5G
1226.87,100,84.1464,5G
1163.89,100,98.2358,5G
1080.03,100,132.2291,5G
1195.38,100,106.6908,5G
1237.29,100,104.6379,5G
1163.94,100,103.3618,5G
1174.41,100,87.5330,5G
1132.45,100,95.3121,5G
1080.04,100,104.1466,5G
1245.47,100,72.1241,5G
980.36,100,70.1803,5G
1082.55,100,74.9029,5G
1119.36,100,75.3951,5G
1087.36,100,66.5220,5G
1114.69,100,61.6283,5G
1084.62,100,72.0176,5G
1073.91,100,77.1744,5G
1041.29,100,57.4320,5G
907.70,100,58.2415,5G
878.56,100,58.4860,5G
828.85,100,64.5513,5G
917.94,100,59.8548,5G
847.85,100,62.0993,5G
946.49,100,55.9990,5G
902.66,100,58.4580,5G
950.24,100,60.7705,5G
818.25,100,60.3060,5G
835.75,100,65.8820,5G
904.65,100,59.6394,5G
951.78,100,66.2620,5G
874.60,100,60.7265,5G
948.76,100,60.8550,5G
939.24,100,61.3700,5G
886.46,100,67.3519,5G
817.85,100,70.9033,5G
828.58,100,63.2601,5G
847.67,100,60.2795,5G
888.79,100,72.6728,5G
939.07,100,63.2968,5G
779.41,100,62.9076,5G
850.23,100,75.3551,5G
847.94,100,65.5055,5G
828.85,100,68.8431,5G
748.98,100,58.7123,5G
746.94,100,64.3133,5G
807.82,100,71.5021,5G
868.93,100,66.8998,5G
879.94,100,65.3171,5G
841.96,100,70.9630,5G
826.23,100,66.9809,5G
1044.65,100,68.1954,5G
2044.51,100,91.2594,5G
2034.41,100,88.5339,5G
2013.20,100,89.4938,5G
2108.00,100,94.6734,5G
2034.28,100,96.4513,5G
2002.90,100,94.9566,5G
2034.24,100,102.5509,5G
2076.50,100,106.1729,5G
2013.12,100,112.0551,5G
2075.80,100,116.3880,5G
1823.74,100,132.8258,5G
1259.30,100,191.5533,5G
1405.08,100,156.6232,5G
1730.02,100,133.2152,5G
1688.19,100,139.0822,5G
1656.92,100,148.0358,5G
1687.96,100,145.0841,5G
1730.21,100,144.8298,5G
1698.91,100,148.9212,5G
1541.34,100,151.3387,5G
1635.85,100,150.2878,5G
1635.88,100,143.7704,5G
1572.85,100,145.1465,5G
1604.32,100,148.3296,5G
1562.37,100,147.0066,5G
1573.42,100,147.5765,5G
1279.28,100,160.9471,5G
1551.84,100,135.6117,5G
1981.81,100,95.9426,5G
1992.28,100,101.0254,5G
1897.96,100,110.7798,5G
2002.81,100,109.3370,5G
2013.22,100,109.9388,5G
2023.89,100,109.3162,5G
2034.23,100,111.4224,5G
2023.72,100,112.9099,5G
2034.43,100,117.2471,5G
2023.58,100,117.4920,5G
2002.76,100,119.6240,5G
2034.39,100,122.0802,5G
2614.67,100,126.1314,5G
1614.87,100,178.3555,5G
1635.73,100,109.6534,5G
1688.20,100,114.9204,5G
1929.30,100,110.8849,5G
1866.57,100,118.5346,5G
1739.94,100,112.9218,5G
1888.09,100,151.5052,5G
1740.70,100,120.6963,5G
1646.19,100,167.3431,5G
1918.97,100,126.6484,5G
1646.19,100,138.8276,5G
1572.95,100,140.3996,5G
1677.74,100,194.9855,5G
1814.02,100,135.3267,5G
1897.93,100,126.5386,5G
1688.13,100,147.0658,5G
1688.29,100,152.1038,5G
1677.70,100,137.8008,5G
1908.39,100,132.5731,5G
1719.60,100,139.4978,5G
1814.11,100,170.6423,5G
1866.45,100,135.3111,5G
1709.20,100,169.0649,5G
1908.33,100,135.3662,5G
1677.78,100,186.6196,5G
1677.74,100,168.3526,5G
1772.08,100,191.7624,5G
1824.53,100,121.1003,5G
1730.16,100,126.1329,5G
1772.08,100,138.4199,5G
1667.26,100,118.5620,5G
1772.10,100,133.3233,5G
1478.41,100,245.9148,5G
1174.45,100,179.6433,5G
1394.58,100,166.0499,5G
1415.60,100,140.9313,5G
1174.40,100,129.0468,5G
1667.19,100,118.8860,5G
1541.44,100,111.6333,5G
1813.97,100,124.7824,5G
1386.50,100,122.3356,5G
1583.34,100,111.3994,5G
1635.72,100,105.0660,5G
1520.48,100,131.1918,5G
1593.83,100,103.8906,5G
1667.20,100,109.8527,5G
1698.72,100,115.7505,5G
1792.96,100,116.9752,5G
1646.38,100,216.7784,5G
1918.97,100,126.9415,5G
1908.21,100,138.3296,5G
1593.93,100,227.2385,5G
1425.98,100,148.4541,5G
1761.74,100,155.8526,5G
1656.80,100,151.7398,5G
1792.97,100,129.6498,5G
1719.65,100,145.7989,5G
1782.61,100,149.8356,5G
1824.43,100,129.2765,5G
1803.63,100,137.5423,5G
1908.36,100,131.8729,5G
1772.17,100,151.1617,5G
1803.54,100,142.0464,5G
1866.40,100,126.4688,5G
1971.33,100,123.9121,5G
1918.89,100,129.7738,5G
2013.35,100,126.6943,5G
1918.79,100,126.2128,5G
1981.83,100,148.5348,5G
1950.28,100,132.2594,5G
1992.45,100,137.4884,5G
1960.85,100,146.3571,5G
1625.14,100,126.9849,5G
2023.94,100,141.4812,5G
1646.26,100,164.5011,5G
1625.27,100,148.1707,5G
1614.82,100,152.9813,5G
1730.17,100,124.2603,5G
1876.87,100,147.9193,5G
1772.11,100,138.0766,5G
1468.06,100,140.2242,5G
1381.14,100,137.5574,5G
1216.21,100,126.7023,5G
1363.24,100,99.3020,5G
1352.06,100,149.1462,5G
1490.46,100,139.5850,5G
1435.86,100,139.2641,5G
1362.90,100,143.3921,5G
1426.65,100,128.6238,5G
1289.35,100,145.6056,5G
1447.23,100,130.2362,5G
1362.29,100,131.9035,5G
1311.52,100,141.1463,5G
1037.72,100,96.3657,5G
1300.17,100,130.5066,5G
1331.38,100,128.7223,5G
1384.05,100,122.2960,5G
1331.55,100,127.6854,5G
1362.81,100,128.4519,5G
1331.70,100,122.0613,5G
1331.81,100,120.1517,5G
1299.67,100,142.5483,5G
1383.92,100,126.6607,5G
1048.64,100,121.9315,5G
1457.17,100,95.0500,5G
1519.95,100,125.3162,5G
1457.15,100,126.3332,5G
1447.05,100,135.9730,5G
1415.13,100,127.6309,5G
1457.35,100,120.9318,5G
1510.02,100,126.6967,5G
1488.95,100,119.3393,5G
1509.93,100,128.8715,5G
1488.78,100,126.1207,5G
1100.62,100,95.8690,5G
1447.00,100,137.2061,5G
1457.67,100,131.9974,5G
1499.35,100,123.9271,5G
1489.06,100,130.7724,5G
1551.05,100,124.3145,5G
946.00,100,137.3476,5G
620.40,100,129.2825,5G
944.31,100,134.4217,5G
1898.66,100,149.9247,5G
1793.02,100,145.0021,5G
1835.07,100,148.4731,5G
1782.60,100,144.4968,5G
1971.31,100,139.4784,5G
2044.50,100,135.6214,5G
1969.24,100,126.6655,5G
1837.15,100,153.2706,5G
1939.83,100,134.0788,5G
1908.53,100,140.4174,5G
1939.75,100,149.3460,5G
1814.09,100,151.9709,5G
1824.48,100,141.2613,5G
1803.55,100,143.7141,5G
1814.13,100,156.3589,5G
1824.38,100,147.3340,5G
1772.09,100,147.4339,5G
1793.10,100,155.4308,5G
1719.70,100,150.6709,5G
1835.00,100,127.1093,5G
2044.77,100,132.4375,5G
2013.01,100,126.1869,5G
2002.86,100,145.6364,5G
2076.27,100,147.1093,5G
2013.13,100,148.0819,5G
2013.48,100,148.8629,5G
2013.22,100,146.4884,5G
1897.99,100,193.6074,5G
1739.87,100,150.0940,5G
1521.05,100,142.0326,5G
1698.62,100,123.9377,5G
1992.32,100,125.2495,5G
1992.34,100,134.8423,5G
2002.66,100,131.6607,5G
1971.51,100,142.1985,5G
1992.15,100,143.0011,5G
2002.90,100,145.3956,5G
1939.85,100,143.2934,5G
1992.32,100,134.3921,5G
1929.30,100,162.4316,5G
1780.65,100,162.0892,5G
1702.12,100,134.9202,5G
1690.54,100,129.7686,5G
1677.27,100,128.7430,5G
1701.36,100,132.1237,5G
1812.01,100,135.4702,5G
1936.91,100,126.4269,5G
1897.97,100,152.3187,5G
1751.10,100,135.8753,5G
2044.78,100,128.3643,5G
1688.20,100,154.2212,5G
1656.31,100,149.5062,5G
1699.15,100,132.6921,5G
1833.97,100,153.2501,5G
1930.43,100,141.3926,5G
1803.52,100,152.6821,5G
2002.87,100,146.2833,5G
1971.38,100,143.4219,5G
1992.20,100,140.7673,5G
2013.36,100,141.2459,5G
1792.97,100,153.2496,5G
1835.06,100,142.3916,5G
1971.31,100,135.0007,5G
1614.83,100,141.3843,5G
1614.79,100,147.9734,5G
1562.40,100,134.1948,5G
2034.16,100,122.8884,5G
2013.30,100,124.8551,5G
2013.32,100,128.7177,5G
1751.02,100,136.5816,5G
1793.13,100,149.6091,5G
1823.57,100,159.3835,5G
1552.70,100,138.4506,5G
1751.11,100,130.8016,5G
1835.04,100,126.0835,5G
2002.75,100,124.3026,5G
1614.82,100,136.2762,5G
1604.24,100,153.0921,5G
1887.44,100,118.5548,5G
2013.35,100,120.3392,5G
2002.81,100,124.1363,5G
2045.65,100,124.7651,5G
1177.76,100,80.1191,5G
1131.18,100,94.4053,5G
1136.62,100,92.6601,5G
1186.62,100,112.2469,5G
1129.10,100,153.6344,5G
1112.65,100,132.5957,5G
1149.40,100,160.5995,5G
1042.01,100,208.1298,5G
1069.06,100,116.6919,5G
1037.75,100,131.8544,5G
1026.76,100,147.3859,5G
1080.29,100,132.1651,5G
1121.68,100,150.8128,5G
1121.97,100,150.5654,5G
922.18,100,135.9837,5G
954.03,100,135.2037,5G
1027.44,100,90.9986,5G
1153.27,100,89.8536,5G
1142.92,100,76.9786,5G
1132.20,100,97.6897,5G
1184.64,100,101.9796,5G
1121.63,100,114.2174,5G
1131.95,100,90.0822,5G
1037.99,100,97.1276,5G
1048.35,100,76.8488,5G
1247.46,100,98.7468,5G
1142.69,100,85.5917,5G
1174.07,100,99.0096,5G
1090.40,100,115.5345,5G
880.80,100,135.1254,5G
1058.85,100,113.1711,5G
1100.82,100,83.6828,5G
1132.23,100,120.4591,5G
1111.16,100,117.5506,5G
1194.90,100,115.7147,5G
1194.34,100,132.2995,5G
1174.99,100,128.7432,5G
1100.76,100,152.5879,5G
1153.23,100,161.6347,5G
1226.55,100,150.7999,5G
1131.07,100,150.6102,5G
1010.44,100,68.8498,5G
1111.65,100,68.3130,5G
1067.81,100,66.7146,5G
936.98,100,57.9969,5G
926.56,100,59.9036,5G
966.45,100,64.1363,5G
1067.68,100,63.6734,5G
1008.90,100,59.4997,5G
986.89,100,64.5679,5G
962.39,100,56.7225,5G
996.87,100,63.8281,5G
1091.10,100,59.4034,5G
1132.24,100,62.9688,5G
1057.21,100,58.1398,5G
1033.73,100,60.4329,5G
1096.55,100,56.2915,5G
1034.26,100,53.1775,5G
1139.98,100,59.0264,5G
1272.41,100,53.0211,5G
1017.23,100,73.4284,5G
880.51,100,54.0893,5G
963.85,100,72.7627,5G
941.34,100,62.3771,5G
908.87,100,58.7773,5G
943.35,100,57.1454,5G
908.92,100,65.9664,5G
1012.72,100,63.1469,5G
1012.18,100,59.0429,5G
1024.29,100,69.4866,5G
1052.61,100,80.9254,5G
1012.74,100,70.1144,5G
1105.51,100,100.7008,5G
1053.07,100,85.7368,5G
977.71,100,72.3450,5G
1015.55,100,123.7231,5G
933.04,100,114.0601,5G
1017.13,100,89.5890,5G
1132.47,100,97.3024,5G
1205.86,100,135.9820,5G
1268.74,100,103.0973,5G
1453.22,100,140.6807,5G
1321.25,100,149.6762,5G
1405.10,100,136.2524,5G
1342.12,100,139.7604,5G
1352.67,100,149.3534,5G
1289.46,100,168.3818,5G
1363.44,100,136.3934,5G
1405.11,100,135.5793,5G
1394.67,100,152.2125,5G
1300.21,100,119.1700,5G
1258.10,100,139.1836,5G
1258.46,100,154.9416,5G
1310.69,100,129.7525,5G
1352.64,100,136.7456,5G
1237.30,100,148.9205,5G
1237.35,100,149.0188,5G
1216.38,100,153.1429,5G
1226.81,100,143.4888,5G
1195.44,100,148.2394,5G
1237.23,100,152.4129,5G
1310.80,100,144.8276,5G
1467.98,100,137.4662,5G
1352.73,100,135.1784,5G
1268.62,100,147.5054,5G
1300.30,100,143.3280,5G
1247.81,100,147.2773,5G
1279.32,100,140.7409,5G
1289.24,100,134.8434,5G
1248.29,100,154.6738,5G
1321.20,100,139.4776,5G
1279.29,100,146.4049,5G
1226.82,100,124.6633,5G
1184.87,100,139.2265,5G
1122.01,100,154.0919,5G
1090.42,100,154.3157,5G
1132.47,100,148.5446,5G
1048.54,100,151.4238,5G
1122.00,100,123.3329,5G
1142.97,100,138.5291,5G
1122.01,100,153.1290,5G
1080.02,100,142.2203,5G
703.06,100,155.5279,5G
,,,
,,,
,,,
,,,
,,,
,,,
,,,
,,,
,,,
,,,
,,,
,,,
,,,
,,,
,,,
,,,
,,,
,,,
,,,
,,,
,,,
,,,
,,,
,,,
,,,
,,,
,,,
,,,
,,,
,,,
,,,
,,,
,,,
,,,
,,,
,,,
,,,
,,,
,,,
,,,
,,,
,,,
,,,
,,,
,,,
,,,
,,,
,,,
,,,
,,,
,,,
,,,
,,,
,,,
,,,
,,,
,,,
,,,
,,,
,,,
,,,
,,,
,,,
,,,
,,,
,,,
,,,
,,,
,,,
,,,
,,,
,,,
,,,
,,,
,,,
,,,
,,,
,,,
,,,
,,,
,,,
,,,
,,,
,,,
,,,
,,,
,,,
,,,
,,,
,,,
,,,
,,,
,,,
,,,
,,,
,,,
,,,
,,,
,,,
,,,
,,,
,,,
,,,
,,,
,,,
,,,
,,,
,,,
,,,
,,,
,,,
,,,
,,,
,,,
,,,
,,,
,,,
,,,
,,,
,,,
,,,
,,,
,,,
,,,
,,,
,,,
,,,
,,,
,,,
,,,
,,,
,,,
,,,
,,,
,,,
,,,
,,,
,,,
,,,
,,,
,,,
,,,
,,,
,,,
,,,
,,,
,,,
,,,
,,,
,,,
,,,
,,,
,,,
,,,
,,,
,,,
,,,
,,,
,,,
,,,
,,,
,,,
,,,
,,,
,,,
,,,
,,,
,,,
,,,
,,,
,,,
,,,
,,,
,,,
,,,
,,,
,,,
,,,
,,,
,,,
,,,
,,,
,,,
,,,
,,,
,,,
,,,
,,,
,,,
,,,
,,,
,,,
,,,
,,,
,,,
,,,
,,,
,,,
,,,
,,,
,,,
,,,
,,,
,,,
,,,
,,,
,,,
,,,
,,,
,,,
,,,
,,,
,,,
,,,
,,,
,,,
,,,
,,,
,,,
,,,
,,,
,,,
,,,
,,,
,,,
,,,
,,,
,,,
,,,
,,,
,,,
,,,
,,,
,,,
,,,
,,,
,,,
,,,
,,,
,,,
,,,
,,,
,,,
,,,
,,,
,,,
,,,
,,,
,,,
,,,
,,,
,,,
,,,
,,,
,,,
,,,
,,,
,,,
,,,
,,,
,,,
,,,
,,,
,,,
,,,
,,,
,,,
,,,
,,,
,,,
,,,
,,,
,,,
,,,
,,,
,,,
,,,
,,,
,,,
,,,
,,,
,,,
,,,
,,,
,,,
,,,
,,,
,,,
,,,
,,,
,,,
,,,
,,,
,,,
,,,
,,,
,,,
,,,
,,,
,,,
,,,
,,,
,,,
,,,
,,,
,,,
,,,
,,,
,,,
,,,
,,,
,,,
,,,
,,,
,,,
,,,
,,,
,,,
,,,
,,,
,,,
,,,
,,,
,,,
,,,
,,,
,,,
,,,
,,,
,,,
,,,
,,,
,,,
,,,
,,,
,,,
,,,
,,,
,,,
,,,
,,,
,,,
,,,
,,,
,,,
,,,
,,,
,,,
,,,
,,,
,,,
,,,
,,,
,,,
,,,
,,,
,,,
,,,
,,,
,,,
,,,
,,,
,,,
,,,
,,,
,,,
,,,
,,,
,,,
,,,
,,,
,,,
,,,
,,,
,,,
,,,
,,,
,,,
,,,
,,,
,,,
,,,
,,,
,,,
,,,
,,,
,,,
,,,
,,,
,,,
,,,
,,,
,,,
,,,
,,,
,,,
,,,
,,,
,,,
,,,
,,,
,,,
,,,
,,,
,,,
,,,
,,,
,,,
,,,
,,,
,,,
,,,
,,,
,,,
,,,
,,,
,,,
,,,
,,,
,,,
,,,
,,,
,,,
,,,
,,,
,,,
,,,
,,,
,,,
,,,
,,,
,,,
,,,
,,,
,,,
,,,
,,,
,,,
,,,
,,,
,,,
,,,
,,,
,,,
,,,
,,,
,,,
,,,
,,,
,,,
,,,
,,,
,,,
,,,
,,,
,,,
,,,
,,,
,,,
,,,
,,,
,,,
,,,
,,,
,,,
,,,
,,,
,,,
,,,
,,,
,,,
,,,
,,,
,,,
,,,
,,,
,,,
,,,
,,,
,,,
,,,
,,,
,,,
,,,
,,,
,,,
,,,
,,,
,,,
,,,
,,,
,,,
,,,
,,,
,,,
,,,
,,,
,,,
,,,
,,,
,,,
,,,
,,,
,,,
,,,
,,,
,,,
,,,
,,,
,,,
,,,
,,,
,,,
,,,
,,,
,,,
,,,
,,,
,,,
,,,
,,,
,,,
,,,
,,,
,,,
,,,
,,,
,,,
,,,
,,,
,,,
,,,
,,,
,,,
,,,
,,,
,,,
,,,
,,,
,,,
,,,
,,,
,,,
,,,
,,,
,,,
,,,
,,,
,,,
,,,
,,,
,,,
,,,
,,,
,,,
,,,
,,,
,,,
,,,
,,,
,,,
,,,
,,,
,,,
,,,
,,,
,,,
,,,
,,,
,,,
,,,
,,,
,,,
,,,
,,,
,,,
,,,
,,,
,,,
,,,
,,,
,,,
,,,
,,,
,,,
,,,
,,,
,,,
,,,
,,,
,,,
,,,
,,,
,,,
,,,
,,,
,,,
,,,
,,,
,,,
,,,
,,,
,,,
,,,
,,,
,,,
,,,
,,,
,,,
,,,
,,,
,,,
,,,
,,,
,,,
,,,
,,,
,,,
,,,
,,,
,,,
,,,
,,,
,,,
,,,
,,,
,,,
,,,
,,,
,,,
,,,
,,,
,,,
,,,
,,,
,,,
,,,
,,,
,,,
,,,
,,,
,,,
,,,
,,,
,,,
,,,
,,,
,,,
,,,
,,,
,,,
,,,
,,,
,,,
,,,
,,,
,,,
,,,
,,,
,,,
,,,
,,,
,,,
,,,
,,,
,,,
,,,
,,,
,,,
,,,
,,,
,,,
,,,
,,,
,,,
,,,
,,,
,,,
,,,
,,,
,,,
,,,
,,,
,,,
,,,
,,,
,,,
,,,
,,,
,,,
,,,
,,,
,,,
,,,
,,,
,,,
,,,
,,,
,,,
,,,
,,,
,,,
,,,
,,,
,,,
,,,
,,,
,,,
,,,
,,,
,,,
,,,
,,,
,,,
,,,
,,,
,,,
,,,
,,,
,,,
,,,
,,,
,,,
,,,
,,,
,,,
,,,
,,,
,,,
,,,
,,,
,,,
,,,
,,,
,,,
,,,
,,,
,,,
,,,
,,,
,,,
,,,
,,,
,,,
,,,
,,,
,,,
,,,
,,,
,,,
,,,
,,,
,,,
,,,
,,,
,,,
,,,
,,,
,,,
,,,
,,,
,,,
,,,
,,,
,,,
,,,
,,,
,,,
,,,
,,,
,,,
,,,
,,,
,,,
,,,
,,,
,,,
,,,
,,,
,,,
,,,
,,,
,,,
,,,
,,,
,,,
,,,
,,,
,,,
,,,
,,,
,,,
,,,
,,,
,,,
,,,
,,,
,,,
,,,
,,,
,,,
,,,
,,,
,,,
,,,
,,,
,,,
,,,
,,,
,,,
,,,
,,,
,,,
,,,
,,,
,,,
,,,
,,,
,,,
,,,
,,,
,,,
,,,
,,,
,,,
,,,
,,,
,,,
,,,
,,,
,,,
,,,
,,,
,,,
,,,
,,,
,,,
,,,
,,,
,,,
,,,
,,,
,,,
,,,
,,,
,,,
,,,
,,,
,,,
,,,
,,,
,,,
,,,
,,,
,,,
,,,
,,,
,,,
,,,
,,,
,,,
,,,
,,,
,,,
,,,
,,,
,,,
,,,
,,,
,,,
,,,
,,,
,,,
,,,
,,,
,,,
,,,
,,,
,,,
,,,
,,,
,,,
,,,
,,,
,,,
,,,
,,,
,,,
,,,
,,,
,,,
,,,
,,,
,,,
,,,
,,,
,,,
,,,
,,,
,,,
,,,
,,,
,,,
,,,
,,,
,,,
,,,
,,,
,,,
,,,
,,,
,,,
,,,
,,,
,,,
,,,
,,,
,,,
,,,
,,,
,,,
,,,
,,,
,,,
,,,
,,,
,,,
,,,
,,,
,,,
,,,
,,,
,,,
,,,
,,,
,,,
,,,
,,,
,,,
,,,
,,,
,,,
,,,
,,,
,,,
,,,
,,,
,,,
,,,
,,,
,,,
,,,
,,,
,,,
,,,
,,,
,,,
,,,
,,,
,,,
,,,
,,,
,,,
,,,
,,,
,,,
,,,
,,,
,,,
,,,
,,,
,,,
,,,
,,,
,,,
,,,
,,,
,,,
,,,
,,,
,,,
,,,
,,,
,,,
,,,
,,,
,,,
,,,
,,,
,,,
,,,
,,,
,,,
,,,
,,,
,,,
,,,
,,,
,,,
,,,
,,,
,,,
,,,
,,,
,,,
,,,
,,,
,,,
,,,
,,,
,,,
,,,
,,,
,,,
,,,
,,,
,,,
,,,
,,,
,,,
,,,
,,,
,,,
,,,
,,,
,,,
,,,
,,,
,,,
,,,
,,,
,,,
,,,
,,,
,,,
,,,
,,,
,,,
,,,
,,,
,,,
,,,
,,,
,,,
,,,
,,,
,,,
,,,
,,,
,,,
,,,
,,,
,,,
,,,
,,,
,,,
,,,
,,,
,,,
,,,
,,,
,,,
,,,
,,,
,,,
,,,
,,,
,,,
,,,
,,,
,,,
,,,
,,,
,,,
,,,
,,,
,,,
,,,
,,,
,,,
,,,
,,,
,,,
,,,
,,,
,,,
,,,
,,,
,,,
,,,
,,,
,,,
,,,
,,,
,,,
,,,
,,,
,,,
,,,
,,,
,,,
,,,
,,,
,,,
,,,
,,,
,,,
,,,
,,,
,,,
,,,
,,,
,,,
,,,
,,,
,,,
,,,
,,,
,,,
,,,
,,,
,,,
,,,
,,,
,,,
,,,
,,,
,,,
,,,
,,,
,,,
,,,
,,,
,,,
,,,
,,,
,,,
,,,
,,,
,,,
,,,
,,,
,,,
,,,
,,,
,,,
,,,
,,,
,,,
,,,
,,,
,,,
,,,
,,,
,,,
,,,
,,,
,,,
,,,
,,,
,,,
,,,
,,,
,,,
,,,
,,,
,,,
,,,
,,,
,,,
,,,
,,,
,,,
,,,
,,,
,,,
,,,
,,,
,,,
,,,
,,,
,,,
,,,
,,,
,,,
,,,
,,,
,,,
,,,
,,,
,,,
,,,
,,,
,,,
,,,
,,,
,,,
,,,
,,,
,,,
,,,
,,,
,,,
,,,
,,,
,,,
,,,
,,,
,,,
,,,
,,,
,,,
,,,
,,,
,,,
,,,
,,,
,,,
,,,
,,,
,,,
,,,
,,,
,,,
,,,
,,,
,,,
,,,
,,,
,,,
,,,
,,,
,,,
,,,
,,,
,,,
,,,
,,,
,,,
,,,
,,,
,,,
,,,
,,,
,,,
,,,
,,,
,,,
,,,
,,,
,,,
,,,
,,,
,,,
,,,
,,,
,,,
,,,
,,,
,,,
,,,
,,,
,,,
,,,
,,,
,,,
,,,
,,,
,,,
,,,
,,,
,,,
,,,
,,,
,,,
,,,
,,,
,,,
,,,
,,,
,,,
,,,
,,,
,,,
,,,
,,,
,,,
,,,
,,,
,,,
,,,
,,,
,,,
,,,
,,,
,,,
,,,
,,,
,,,
,,,
,,,
,,,
,,,
,,,
,,,
,,,
,,,
,,,
,,,
,,,
,,,
,,,
,,,
,,,
,,,
,,,
,,,
,,,
,,,
,,,
,,,
,,,
,,,
,,,
,,,
,,,
,,,
,,,
,,,
,,,
,,,
,,,
,,,
,,,
,,,
,,,
,,,
,,,
,,,
,,,
,,,
,,,
,,,
,,,
,,,
,,,
,,,
,,,
,,,
,,,
,,,
,,,
,,,
,,,
,,,
,,,
,,,
,,,
,,,
,,,
,,,
,,,
,,,
,,,
,,,
,,,
,,,
,,,
,,,
,,,
,,,
,,,
,,,
,,,
,,,
,,,
,,,
,,,
,,,
,,,
,,,
,,,
,,,
,,,
,,,
,,,
,,,
,,,
,,,
,,,
,,,
,,,
,,,
,,,
,,,
,,,
,,,
,,,
,,,
,,,
,,,
,,,
,,,
,,,
,,,
,,,
,,,
,,,
,,,
,,,
,,,
,,,
,,,
,,,
,,,
,,,
,,,
,,,
,,,
,,,
,,,
,,,
,,,
,,,
,,,
,,,
,,,
,,,
,,,
,,,
,,,
,,,
,,,
,,,
,,,
,,,
,,,
,,,
,,,
,,,
,,,
,,,
,,,
,,,
,,,
,,,
,,,
,,,
,,,
,,,
,,,
,,,
,,,
,,,
,,,
,,,
,,,
,,,
,,,
,,,
,,,
,,,
,,,
,,,
,,,
,,,
,,,
,,,
,,,
,,,
,,,
,,,
,,,
,,,
,,,
,,,
,,,
,,,
,,,
,,,
,,,
,,,
,,,
,,,
,,,
,,,
,,,
,,,
,,,
,,,
,,,
,,,
,,,
,,,
,,,
,,,
,,,
,,,
,,,
,,,
,,,
,,,
,,,
,,,
,,,
,,,
,,,
,,,
,,,
,,,
,,,
,,,
,,,
,,,
,,,
,,,
,,,
,,,
,,,
,,,
,,,
,,,
,,,
,,,
,,,
,,,
,,,
,,,
,,,
,,,
,,,
,,,
,,,
,,,
,,,
,,,
,,,
,,,
,,,
,,,
,,,
,,,
,,,
,,,
,,,
,,,
,,,
,,,
,,,
,,,
,,,
,,,
,,,
,,,
,,,
,,,
,,,
,,,
,,,
,,,
,,,
,,,
,,,
,,,
,,,
,,,
,,,
,,,
,,,
,,,
,,,
,,,
,,,
,,,
,,,
,,,
,,,
,,,
,,,
,,,
,,,
,,,
,,,
,,,
,,,
,,,
,,,
,,,
,,,
,,,
,,,
,,,
,,,
,,,
,,,
,,,
,,,
,,,
,,,
,,,
,,,
,,,
,,,
,,,
,,,
,,,
,,,
,,,
,,,
,,,
,,,
,,,
,,,
,,,
,,,
,,,
,,,
,,,
,,,
,,,
,,,
,,,
,,,
,,,
,,,
,,,
,,,
,,,
,,,
,,,
,,,
,,,
,,,
,,,
,,,
,,,
,,,
,,,
,,,
,,,
,,,
,,,
,,,
,,,
,,,
,,,
,,,
,,,
,,,
,,,
,,,
,,,
,,,
,,,
,,,
,,,
,,,
,,,
,,,
,,,
,,,
,,,
,,,
,,,
,,,
,,,
,,,
,,,
,,,
,,,
,,,
,,,
,,,
,,,
,,,
,,,
,,,
,,,
,,,
,,,
,,,
,,,
,,,
,,,
,,,
,,,
,,,
,,,
,,,
,,,
,,,
,,,
,,,
,,,
,,,
,,,
,,,
,,,
,,,
,,,
,,,
,,,
,,,
,,,
,,,
,,,
,,,
,,,
,,,
,,,
,,,
,,,
,,,
,,,
,,,
,,,
,,,
,,,
,,,
,,,
,,,
,,,
,,,
,,,
,,,
,,,
,,,
,,,
,,,
,,,
,,,
,,,
,,,
,,,
,,,
,,,
,,,
,,,
,,,
,,,
,,,
,,,
,,,
,,,
,,,
,,,
,,,
,,,
,,,
,,,
,,,
,,,
,,,
,,,
,,,
,,,
,,,
,,,
,,,
,,,
,,,
,,,
,,,
,,,
,,,
,,,
,,,
,,,
,,,
,,,
,,,
,,,
,,,
,,,
,,,
,,,
,,,
,,,
,,,
,,,
,,,
,,,
,,,
,,,
,,,
,,,
,,,
,,,
,,,
,,,
,,,
,,,
,,,
,,,
,,,
,,,
,,,
,,,
,,,
,,,
,,,
,,,
,,,
,,,
,,,
,,,
,,,
,,,
,,,
,,,
,,,
,,,
,,,
,,,
,,,
,,,
,,,
,,,
,,,
,,,
,,,
,,,
,,,
,,,
,,,
,,,
,,,
,,,
,,,
,,,
,,,
,,,
,,,
,,,
,,,
,,,
,,,
,,,
,,,
,,,
,,,
,,,
,,,
,,,
,,,
,,,
,,,
,,,
,,,
,,,
,,,
,,,
,,,
,,,
,,,
,,,
,,,
,,,
,,,
,,,
,,,
,,,
,,,
,,,
,,,
,,,
,,,
,,,
,,,
,,,
,,,
,,,
,,,
,,,
,,,
,,,
,,,
,,,
,,,
,,,
,,,
,,,
,,,
,,,
,,,
,,,
,,,
,,,
,,,
,,,
,,,
,,,
,,,
,,,
,,,
,,,
,,,
,,,
,,,
,,,
,,,
,,,
,,,
,,,
,,,
,,,
,,,
,,,
,,,
,,,
,,,
,,,
,,,
,,,
,,,
,,,
,,,
,,,
,,,
,,,
,,,
,,,
,,,
,,,
,,,
,,,
,,,
,,,
,,,
,,,
,,,
,,,
,,,
,,,
,,,
,,,
,,,
,,,
,,,
,,,
,,,
,,,
,,,
,,,
,,,
,,,
,,,
,,,
,,,
,,,
,,,
,,,
,,,
,,,
,,,
,,,
,,,
,,,
,,,
,,,
,,,
,,,
,,,
,,,
,,,
,,,
,,,
,,,
,,,
,,,
,,,
,,,
,,,
,,,
,,,
,,,
,,,
,,,
,,,
,,,
,,,
,,,
,,,
,,,
,,,
,,,
,,,
,,,
,,,
,,,
,,,
,,,
,,,
,,,
,,,
,,,
,,,
,,,
,,,
,,,
,,,
,,,
,,,
,,,
,,,
,,,
,,,
,,,
,,,
,,,
,,,
,,,
,,,
,,,
,,,
,,,
,,,
,,,
,,,
,,,
,,,
,,,
,,,
,,,
,,,
,,,
,,,
,,,
,,,
,,,
,,,
,,,
,,,
,,,
,,,
,,,
,,,
,,,
,,,
,,,
,,,
,,,
,,,
,,,
,,,
,,,
,,,
,,,
,,,
,,,
,,,
,,,
,,,
,,,
,,,
,,,
,,,
,,,
,,,
,,,
,,,
,,,
,,,