440.39226,440.39226,10,T-Mobile
382.1694941,382.1694941,10,T-Mobile
62.54408021,62.54408021,10,T-Mobile
133.4847577,133.4847577,10,T-Mobile
251.66172,251.66172,10,T-Mobile
387.9824627,387.9824627,10,T-Mobile
377.4820501,377.4820501,10,T-Mobile
398.4417807,398.4417807,10,T-Mobile
345.9857832,345.9857832,10,T-Mobile
419.4988112,419.4988112,10,T-Mobile
429.9226176,429.9226176,10,T-Mobile
408.9392776,408.9392776,10,T-Mobile
450.8962802,450.8962802,10,T-Mobile
440.3908953,440.3908953,10,T-Mobile
471.8691002,471.8691002,10,T-Mobile
471.8559375,471.8559375,10,T-Mobile
461.373,461.373,10,T-Mobile
440.4036,440.4036,10,T-Mobile
450.8728455,450.8728455,10,T-Mobile
461.3891705,461.3891705,10,T-Mobile
450.884455,450.884455,10,T-Mobile
450.88811,450.88811,10,T-Mobile
440.402865,440.402865,10,T-Mobile
471.863925,471.863925,10,T-Mobile
461.3660701,461.3660701,10,T-Mobile
450.8803701,450.8803701,10,T-Mobile
471.8761881,471.8761881,10,T-Mobile
471.8507627,471.8507627,10,T-Mobile
429.9041678,429.9041678,10,T-Mobile
461.3867504,461.3867504,10,T-Mobile
471.8521126,471.8521126,10,T-Mobile
471.8643751,471.8643751,10,T-Mobile
450.8935926,450.8935926,10,T-Mobile
450.8795101,450.8795101,10,T-Mobile
471.8710128,471.8710128,10,T-Mobile
461.37256,461.37256,10,T-Mobile
471.8611125,471.8611125,10,T-Mobile
471.8601,471.8601,10,T-Mobile
471.8454754,471.8454754,10,T-Mobile
450.8810151,450.8810151,10,T-Mobile
471.8940776,471.8940776,10,T-Mobile
461.3444018,461.3444018,10,T-Mobile
471.8723629,471.8723629,10,T-Mobile
461.3656301,461.3656301,10,T-Mobile
461.3812501,461.3812501,10,T-Mobile
461.37069,461.37069,10,T-Mobile
471.8464878,471.8464878,10,T-Mobile
450.8984303,450.8984303,10,T-Mobile
471.8460379,471.8460379,10,T-Mobile
461.3808101,461.3808101,10,T-Mobile
471.8847389,471.8847389,10,T-Mobile
450.8591943,450.8591943,10,T-Mobile
492.8435278,492.8435278,10,T-Mobile
429.91575,429.91575,10,T-Mobile
471.8592,471.8592,10,T-Mobile
461.3642002,461.3642002,10,T-Mobile
450.891335,450.891335,10,T-Mobile
482.3546202,482.3546202,10,T-Mobile
461.37245,461.37245,10,T-Mobile
419.4216002,419.4216002,10,T-Mobile
377.4923101,377.4923101,10,T-Mobile
55.15986418,55.15986418,10,T-Mobile
60.56806521,60.56806521,10,T-Mobile
87.66950819,87.66950819,10,T-Mobile
102.4350341,102.4350341,10,T-Mobile
133.1356671,133.1356671,10,T-Mobile
104.859475,104.859475,10,T-Mobile
125.82939,125.82939,10,T-Mobile
136.3113376,136.3113376,10,T-Mobile
157.288575,157.288575,10,T-Mobile
146.801095,146.801095,10,T-Mobile
167.77232,167.77232,10,T-Mobile
157.2837375,157.2837375,10,T-Mobile
167.7766801,167.7766801,10,T-Mobile
146.7968251,146.7968251,10,T-Mobile
178.2602575,178.2602575,10,T-Mobile
157.287,157.287,10,T-Mobile
167.77336,167.77336,10,T-Mobile
167.77416,167.77416,10,T-Mobile
146.79875,146.79875,10,T-Mobile
178.2523952,178.2523952,10,T-Mobile
146.8047351,146.8047351,10,T-Mobile
178.2518427,178.2518427,10,T-Mobile
209.7211002,209.7211002,10,T-Mobile
188.74404,188.74404,10,T-Mobile
220.197915,220.197915,10,T-Mobile
220.1921404,220.1921404,10,T-Mobile
262.1591884,262.1591884,10,T-Mobile
293.60303,293.60303,10,T-Mobile
304.08675,304.08675,10,T-Mobile
325.036784,325.036784,10,T-Mobile
356.5311407,356.5311407,10,T-Mobile
346.0390727,346.0390727,10,T-Mobile
471.8507627,471.8507627,10,T-Mobile
471.8577375,471.8577375,10,T-Mobile
471.8497502,471.8497502,10,T-Mobile
440.4155704,440.4155704,10,T-Mobile
471.863025,471.863025,10,T-Mobile
450.8862825,450.8862825,10,T-Mobile
471.8550375,471.8550375,10,T-Mobile
471.863925,471.863925,10,T-Mobile
450.8903675,450.8903675,10,T-Mobile
429.912265,429.912265,10,T-Mobile
450.8786502,450.8786502,10,T-Mobile
461.3849903,461.3849903,10,T-Mobile
461.37531,461.37531,10,T-Mobile
461.3614503,461.3614503,10,T-Mobile
541.4850197,541.4850197,10,T-Mobile
59.09930494,59.09930494,10,T-Mobile
131.7179544,131.7179544,10,T-Mobile
251.66004,251.66004,10,T-Mobile
398.4604,398.4604,10,T-Mobile
471.8597625,471.8597625,10,T-Mobile
408.9429825,408.9429825,10,T-Mobile
450.8682233,450.8682233,10,T-Mobile
450.9034831,450.9034831,10,T-Mobile
471.8521126,471.8521126,10,T-Mobile
461.3808101,461.3808101,10,T-Mobile
461.3647502,461.3647502,10,T-Mobile
471.8624625,471.8624625,10,T-Mobile
492.8405902,492.8405902,10,T-Mobile
450.8823051,450.8823051,10,T-Mobile
482.34979,482.34979,10,T-Mobile
461.3604604,461.3604604,10,T-Mobile
471.8563875,471.8563875,10,T-Mobile
482.3623256,482.3623256,10,T-Mobile
461.37157,461.37157,10,T-Mobile
450.8791877,450.8791877,10,T-Mobile
482.3574953,482.3574953,10,T-Mobile
482.34059,482.34059,10,T-Mobile
471.8624625,471.8624625,10,T-Mobile
482.3363352,482.3363352,10,T-Mobile
482.34151,482.34151,10,T-Mobile
450.8962802,450.8962802,10,T-Mobile
471.8583,471.8583,10,T-Mobile
471.8577375,471.8577375,10,T-Mobile
482.347835,482.347835,10,T-Mobile
482.3213862,482.3213862,10,T-Mobile
482.3555402,482.3555402,10,T-Mobile
471.8601,471.8601,10,T-Mobile
503.3226001,503.3226001,10,T-Mobile
471.855825,471.855825,10,T-Mobile
492.82978,492.82978,10,T-Mobile
482.34887,482.34887,10,T-Mobile
471.8680877,471.8680877,10,T-Mobile
461.3614503,461.3614503,10,T-Mobile
471.8563875,471.8563875,10,T-Mobile
450.892195,450.892195,10,T-Mobile
461.3840002,461.3840002,10,T-Mobile
461.37344,461.37344,10,T-Mobile
482.345535,482.345535,10,T-Mobile
471.8572875,471.8572875,10,T-Mobile
461.3665101,461.3665101,10,T-Mobile
471.8658376,471.8658376,10,T-Mobile
471.8487377,471.8487377,10,T-Mobile
471.8705628,471.8705628,10,T-Mobile
461.3623303,461.3623303,10,T-Mobile
450.8958501,450.8958501,10,T-Mobile
419.4140006,419.4140006,10,T-Mobile
440.4195607,440.4195607,10,T-Mobile
461.3665101,461.3665101,10,T-Mobile
440.4071701,440.4071701,10,T-Mobile
482.3295505,482.3295505,10,T-Mobile
471.8696627,471.8696627,10,T-Mobile
471.8657251,471.8657251,10,T-Mobile
478.0842118,478.0842118,10,T-Mobile
56.14435307,56.14435307,10,T-Mobile
73.37768307,73.37768307,10,T-Mobile
91.11216704,91.11216704,10,T-Mobile
113.4104568,113.4104568,10,T-Mobile
146.7811698,146.7811698,10,T-Mobile
178.260215,178.260215,10,T-Mobile
209.7173,209.7173,10,T-Mobile
251.6519402,251.6519402,10,T-Mobile
283.1197726,283.1197726,10,T-Mobile
387.9750625,387.9750625,10,T-Mobile
408.9348902,408.9348902,10,T-Mobile
408.9478575,408.9478575,10,T-Mobile
419.4363001,419.4363001,10,T-Mobile
429.920465,429.920465,10,T-Mobile
408.9364502,408.9364502,10,T-Mobile
408.9466875,408.9466875,10,T-Mobile
398.45888,398.45888,10,T-Mobile
398.4512801,398.4512801,10,T-Mobile
408.9581929,408.9581929,10,T-Mobile
398.4489052,398.4489052,10,T-Mobile
387.9784851,387.9784851,10,T-Mobile
346.0280175,346.0280175,10,T-Mobile
387.97312,387.97312,10,T-Mobile
346.0321425,346.0321425,10,T-Mobile
398.459735,398.459735,10,T-Mobile
377.48736,377.48736,10,T-Mobile
356.5047903,356.5047903,10,T-Mobile
346.0328025,346.0328025,10,T-Mobile
335.54432,335.54432,10,T-Mobile
356.5211951,356.5211951,10,T-Mobile
356.5219601,356.5219601,10,T-Mobile
346.027275,346.027275,10,T-Mobile
356.513375,356.513375,10,T-Mobile
335.5372801,335.5372801,10,T-Mobile
325.0673177,325.0673177,10,T-Mobile
346.0324725,346.0324725,10,T-Mobile
346.0280175,346.0280175,10,T-Mobile
356.5087001,356.5087001,10,T-Mobile
366.997575,366.997575,10,T-Mobile
346.0376702,346.0376702,10,T-Mobile
377.4919501,377.4919501,10,T-Mobile
408.94464,408.94464,10,T-Mobile
366.9934627,366.9934627,10,T-Mobile
325.0628226,325.0628226,10,T-Mobile
335.5359202,335.5359202,10,T-Mobile
314.5778251,314.5778251,10,T-Mobile
346.0496312,346.0496312,10,T-Mobile
63.78061317,63.78061317,10,T-Mobile
66.55387133,66.55387133,10,T-Mobile
83.90076257,83.90076257,10,T-Mobile
73.39958501,73.39958501,10,T-Mobile
115.3526833,115.3526833,10,T-Mobile
94.3486482,94.3486482,10,T-Mobile
94.39279215,94.39279215,10,T-Mobile
94.37258251,94.37258251,10,T-Mobile
94.37287501,94.37287501,10,T-Mobile
73.39871004,73.39871004,10,T-Mobile
94.37420256,94.37420256,10,T-Mobile
62.914875,62.914875,10,T-Mobile
73.41705381,73.41705381,10,T-Mobile
83.88238016,83.88238016,10,T-Mobile
83.86654455,83.86654455,10,T-Mobile
52.43210021,52.43210021,10,T-Mobile
52.42612514,52.42612514,10,T-Mobile
73.42344478,73.42344478,10,T-Mobile
73.39935751,73.39935751,10,T-Mobile
83.87728092,83.87728092,10,T-Mobile
94.37571016,94.37571016,10,T-Mobile
104.85865,104.85865,10,T-Mobile
115.324773,115.324773,10,T-Mobile
83.89364068,83.89364068,10,T-Mobile
94.38194358,94.38194358,10,T-Mobile
94.3482434,94.3482434,10,T-Mobile
104.8869832,104.8869832,10,T-Mobile
104.847526,104.847526,10,T-Mobile
73.41934743,73.41934743,10,T-Mobile
94.33419003,94.33419003,10,T-Mobile
115.3872117,115.3872117,10,T-Mobile
115.3371453,115.3371453,10,T-Mobile
125.8383007,125.8383007,10,T-Mobile
115.3361005,115.3361005,10,T-Mobile
104.8633503,104.8633503,10,T-Mobile
104.8577,104.8577,10,T-Mobile
94.37420256,94.37420256,10,T-Mobile
62.89896387,62.89896387,10,T-Mobile
62.9278378,62.9278378,10,T-Mobile
62.91054026,62.91054026,10,T-Mobile
104.8627253,104.8627253,10,T-Mobile
104.8534002,104.8534002,10,T-Mobile
104.8612751,104.8612751,10,T-Mobile
125.8340402,125.8340402,10,T-Mobile
83.88280013,83.88280013,10,T-Mobile
136.316245,136.316245,10,T-Mobile
83.88080033,83.88080033,10,T-Mobile
73.39818506,73.39818506,10,T-Mobile
104.8632753,104.8632753,10,T-Mobile
59.67235034,59.67235034,10,T-Mobile
65.83852321,65.83852321,10,T-Mobile
85.37969363,85.37969363,10,T-Mobile
109.2519698,109.2519698,10,T-Mobile
133.8139597,133.8139597,10,T-Mobile
167.7758401,167.7758401,10,T-Mobile
199.22868,199.22868,10,T-Mobile
230.68672,230.68672,10,T-Mobile
262.14475,262.14475,10,T-Mobile
272.62976,272.62976,10,T-Mobile
251.65776,251.65776,10,T-Mobile
387.97312,387.97312,10,T-Mobile
387.9622053,387.9622053,10,T-Mobile
346.0401453,346.0401453,10,T-Mobile
366.9612669,366.9612669,10,T-Mobile
356.553584,356.553584,10,T-Mobile
346.0314825,346.0314825,10,T-Mobile
387.97312,387.97312,10,T-Mobile
356.51584,356.51584,10,T-Mobile
377.412225,377.412225,10,T-Mobile
398.4860519,398.4860519,10,T-Mobile
346.064981,346.064981,10,T-Mobile
346.02909,346.02909,10,T-Mobile
356.5275704,356.5275704,10,T-Mobile
367.0016,367.0016,10,T-Mobile
377.1294996,377.1294996,10,T-Mobile
367.3494794,367.3494794,10,T-Mobile
377.4503736,377.4503736,10,T-Mobile
367.0217261,367.0217261,10,T-Mobile
367.0170882,367.0170882,10,T-Mobile
325.0617375,325.0617375,10,T-Mobile
387.9708075,387.9708075,10,T-Mobile
387.9626678,387.9626678,10,T-Mobile
356.5251052,356.5251052,10,T-Mobile
345.7278991,345.7278991,10,T-Mobile
388.3125217,388.3125217,10,T-Mobile
325.05825,325.05825,10,T-Mobile
398.45926,398.45926,10,T-Mobile
367.00125,367.00125,10,T-Mobile
335.5302406,335.5302406,10,T-Mobile
346.0466633,346.0466633,10,T-Mobile
398.0262453,398.0262453,10,T-Mobile
377.8860306,377.8860306,10,T-Mobile
251.6645402,251.6645402,10,T-Mobile
346.03074,346.03074,10,T-Mobile
412.5048458,412.5048458,10,T-Mobile
59.1574081,59.1574081,10,T-Mobile
60.69190054,60.69190054,10,T-Mobile
71.06063418,71.06063418,10,T-Mobile
94.37806729,94.37806729,10,T-Mobile
104.8616877,104.8616877,10,T-Mobile
104.8499506,104.8499506,10,T-Mobile
125.8305075,125.8305075,10,T-Mobile
167.77451,167.77451,10,T-Mobile
178.2564963,178.2564963,10,T-Mobile
199.2423965,199.2423965,10,T-Mobile
220.1994113,220.1994113,10,T-Mobile
209.7024008,209.7024008,10,T-Mobile
220.2035982,220.2035982,10,T-Mobile
199.2276588,199.2276588,10,T-Mobile
209.7131,209.7131,10,T-Mobile
199.2282525,199.2282525,10,T-Mobile
220.20075,220.20075,10,T-Mobile
167.7808805,167.7808805,10,T-Mobile
188.7391576,188.7391576,10,T-Mobile
167.7691401,167.7691401,10,T-Mobile
209.7152,209.7152,10,T-Mobile
220.2011831,220.2011831,10,T-Mobile
209.7181375,209.7181375,10,T-Mobile
209.7112251,209.7112251,10,T-Mobile
209.7047255,209.7047255,10,T-Mobile
188.7449963,188.7449963,10,T-Mobile
209.7231753,209.7231753,10,T-Mobile
220.2027188,220.2027188,10,T-Mobile
230.6924814,230.6924814,10,T-Mobile
220.1994113,220.1994113,10,T-Mobile
178.2495479,178.2495479,10,T-Mobile
209.715825,209.715825,10,T-Mobile
209.7177125,209.7177125,10,T-Mobile
167.7755201,167.7755201,10,T-Mobile
220.1950277,220.1950277,10,T-Mobile
188.7500927,188.7500927,10,T-Mobile
178.25792,178.25792,10,T-Mobile
220.2115261,220.2115261,10,T-Mobile
167.7636004,167.7636004,10,T-Mobile
188.7353779,188.7353779,10,T-Mobile
188.7517916,188.7517916,10,T-Mobile
188.742735,188.742735,10,T-Mobile
178.2595244,178.2595244,10,T-Mobile
188.7440625,188.7440625,10,T-Mobile
181.5503365,181.5503365,10,T-Mobile
58.63818617,58.63818617,10,T-Mobile
66.865098,66.865098,10,T-Mobile
94.29572357,94.29572357,10,T-Mobile
94.36891509,94.36891509,10,T-Mobile
125.829495,125.829495,10,T-Mobile
146.8023988,146.8023988,10,T-Mobile
167.77401,167.77401,10,T-Mobile
167.77066,167.77066,10,T-Mobile
167.7735,167.7735,10,T-Mobile
178.2604169,178.2604169,10,T-Mobile
178.2556038,178.2556038,10,T-Mobile
188.7395176,188.7395176,10,T-Mobile
188.7457613,188.7457613,10,T-Mobile
209.7202376,209.7202376,10,T-Mobile
199.246969,199.246969,10,T-Mobile
167.7510227,167.7510227,10,T-Mobile
220.2005138,220.2005138,10,T-Mobile
220.2062495,220.2062495,10,T-Mobile
209.7070253,209.7070253,10,T-Mobile
167.7609208,167.7609208,10,T-Mobile
188.7580248,188.7580248,10,T-Mobile
188.7453788,188.7453788,10,T-Mobile
209.7191876,209.7191876,10,T-Mobile
178.25792,178.25792,10,T-Mobile
188.74161,188.74161,10,T-Mobile
230.6805052,230.6805052,10,T-Mobile
188.7546269,188.7546269,10,T-Mobile
220.1963401,220.1963401,10,T-Mobile
220.2060264,220.2060264,10,T-Mobile
199.2081148,199.2081148,10,T-Mobile
209.7292509,209.7292509,10,T-Mobile
209.7229628,209.7229628,10,T-Mobile
188.742735,188.742735,10,T-Mobile
230.6850975,230.6850975,10,T-Mobile
188.7382127,188.7382127,10,T-Mobile
209.7221252,209.7221252,10,T-Mobile
199.2318269,199.2318269,10,T-Mobile
157.2735011,157.2735011,10,T-Mobile
220.2097672,220.2097672,10,T-Mobile
220.2005138,220.2005138,10,T-Mobile
220.2055801,220.2055801,10,T-Mobile
230.6885625,230.6885625,10,T-Mobile
188.7389551,188.7389551,10,T-Mobile
153.1317707,153.1317707,10,T-Mobile
64.81341605,64.81341605,10,T-Mobile
104.1504563,104.1504563,10,T-Mobile
125.82786,125.82786,10,T-Mobile
178.2543501,178.2543501,10,T-Mobile
188.7451875,188.7451875,10,T-Mobile
178.2424088,178.2424088,10,T-Mobile
209.7129,209.7129,10,T-Mobile
209.7244254,209.7244254,10,T-Mobile
209.7246379,209.7246379,10,T-Mobile
220.1287699,220.1287699,10,T-Mobile
188.8122174,188.8122174,10,T-Mobile
209.7114251,209.7114251,10,T-Mobile
209.7229628,209.7229628,10,T-Mobile
209.6908778,209.6908778,10,T-Mobile
209.7317638,209.7317638,10,T-Mobile
209.713525,209.713525,10,T-Mobile
220.1941352,220.1941352,10,T-Mobile
220.2086646,220.2086646,10,T-Mobile
220.1945814,220.1945814,10,T-Mobile
209.7177125,209.7177125,10,T-Mobile
220.2003038,220.2003038,10,T-Mobile
178.2591631,178.2591631,10,T-Mobile
199.2276588,199.2276588,10,T-Mobile
220.2014063,220.2014063,10,T-Mobile
209.7219127,209.7219127,10,T-Mobile
220.1815892,220.1815892,10,T-Mobile
230.6994119,230.6994119,10,T-Mobile
199.2336201,199.2336201,10,T-Mobile
199.2290363,199.2290363,10,T-Mobile
209.7166625,209.7166625,10,T-Mobile
146.7872887,146.7872887,10,T-Mobile
157.2956818,157.2956818,10,T-Mobile
178.2586319,178.2586319,10,T-Mobile
188.7493389,188.7493389,10,T-Mobile
209.7185501,209.7185501,10,T-Mobile
209.6992512,209.6992512,10,T-Mobile
209.71415,209.71415,10,T-Mobile
230.6911063,230.6911063,10,T-Mobile
199.2202729,199.2202729,10,T-Mobile
230.707952,230.707952,10,T-Mobile
209.7047255,209.7047255,10,T-Mobile
220.2016163,220.2016163,10,T-Mobile
199.2346176,199.2346176,10,T-Mobile
220.2073521,220.2073521,10,T-Mobile
230.687875,230.687875,10,T-Mobile
220.193689,220.193689,10,T-Mobile
220.1983088,220.1983088,10,T-Mobile
209.6896281,209.6896281,10,T-Mobile
209.7407906,209.7407906,10,T-Mobile
188.7468863,188.7468863,10,T-Mobile
199.2336201,199.2336201,10,T-Mobile
188.734253,188.734253,10,T-Mobile
199.2326226,199.2326226,10,T-Mobile
199.2300338,199.2300338,10,T-Mobile
188.7359403,188.7359403,10,T-Mobile
209.715825,209.715825,10,T-Mobile
230.6991782,230.6991782,10,T-Mobile
183.5902248,183.5902248,10,T-Mobile
52.69583742,52.69583742,10,T-Mobile
64.51204992,64.51204992,10,T-Mobile
83.25357225,83.25357225,10,T-Mobile
104.8629503,104.8629503,10,T-Mobile
104.8524503,104.8524503,10,T-Mobile
136.3072754,136.3072754,10,T-Mobile
178.2757293,178.2757293,10,T-Mobile
209.7116501,209.7116501,10,T-Mobile
199.2330026,199.2330026,10,T-Mobile
199.2182781,199.2182781,10,T-Mobile
220.2132982,220.2132982,10,T-Mobile
157.2640907,157.2640907,10,T-Mobile
230.7196697,230.7196697,10,T-Mobile
199.22944,199.22944,10,T-Mobile
230.68375,230.68375,10,T-Mobile
209.7093002,209.7093002,10,T-Mobile
209.7248504,209.7248504,10,T-Mobile
230.68353,230.68353,10,T-Mobile
241.175585,241.175585,10,T-Mobile
241.169375,241.169375,10,T-Mobile
188.7289661,188.7289661,10,T-Mobile
220.2183389,220.2183389,10,T-Mobile
188.744625,188.744625,10,T-Mobile
230.68716,230.68716,10,T-Mobile
230.685785,230.685785,10,T-Mobile
230.68815,230.68815,10,T-Mobile
209.71435,209.71435,10,T-Mobile
220.203165,220.203165,10,T-Mobile
220.1969701,220.1969701,10,T-Mobile
230.6805052,230.6805052,10,T-Mobile
230.6920551,230.6920551,10,T-Mobile
199.2202729,199.2202729,10,T-Mobile
241.1852457,241.1852457,10,T-Mobile
220.1956576,220.1956576,10,T-Mobile
209.71775,209.71775,10,T-Mobile
199.2326226,199.2326226,10,T-Mobile
167.7718,167.7718,10,T-Mobile
188.7368852,188.7368852,10,T-Mobile
199.227255,199.227255,10,T-Mobile
199.227255,199.227255,10,T-Mobile
220.2057901,220.2057901,10,T-Mobile
241.1797252,241.1797252,10,T-Mobile
220.203375,220.203375,10,T-Mobile
188.7401251,188.7401251,10,T-Mobile
240.1073851,240.1073851,10,T-Mobile
70.22176764,70.22176764,10,T-Mobile
83.886165,83.886165,10,T-Mobile
115.3388639,115.3388639,10,T-Mobile
157.2999293,157.2999293,10,T-Mobile
199.2159034,199.2159034,10,T-Mobile
230.6850975,230.6850975,10,T-Mobile
251.659995,251.659995,10,T-Mobile
230.6797902,230.6797902,10,T-Mobile
220.1871009,220.1871009,10,T-Mobile
251.6834125,251.6834125,10,T-Mobile
220.1941352,220.1941352,10,T-Mobile
241.1775401,241.1775401,10,T-Mobile
188.7383926,188.7383926,10,T-Mobile
167.77116,167.77116,10,T-Mobile
167.77266,167.77266,10,T-Mobile
157.2860813,157.2860813,10,T-Mobile
178.262372,178.262372,10,T-Mobile
157.2860813,157.2860813,10,T-Mobile
136.3195114,136.3195114,10,T-Mobile
136.3113376,136.3113376,10,T-Mobile
136.3152863,136.3152863,10,T-Mobile
146.8046039,146.8046039,10,T-Mobile
146.7996075,146.7996075,10,T-Mobile
157.2887625,157.2887625,10,T-Mobile
146.7952152,146.7952152,10,T-Mobile
136.3174719,136.3174719,10,T-Mobile
115.3365542,115.3365542,10,T-Mobile
125.829495,125.829495,10,T-Mobile
136.3157006,136.3157006,10,T-Mobile
136.3144738,136.3144738,10,T-Mobile
146.79903,146.79903,10,T-Mobile
146.8002025,146.8002025,10,T-Mobile
157.2895501,157.2895501,10,T-Mobile
146.8051901,146.8051901,10,T-Mobile
146.7972626,146.7972626,10,T-Mobile
146.8010775,146.8010775,10,T-Mobile
157.2837188,157.2837188,10,T-Mobile
146.8023988,146.8023988,10,T-Mobile
157.2903282,157.2903282,10,T-Mobile
157.2874969,157.2874969,10,T-Mobile
157.2834188,157.2834188,10,T-Mobile
157.2909658,157.2909658,10,T-Mobile
146.7825822,146.7825822,10,T-Mobile
167.7933027,167.7933027,10,T-Mobile
178.2593438,178.2593438,10,T-Mobile
146.7944803,146.7944803,10,T-Mobile
146.8019613,146.8019613,10,T-Mobile
146.7965276,146.7965276,10,T-Mobile
136.31488,136.31488,10,T-Mobile
125.831385,125.831385,10,T-Mobile
115.3350556,115.3350556,10,T-Mobile
136.3252402,136.3252402,10,T-Mobile
125.8206906,125.8206906,10,T-Mobile
136.3227861,136.3227861,10,T-Mobile
136.3075191,136.3075191,10,T-Mobile
136.3241513,136.3241513,10,T-Mobile
136.3137913,136.3137913,10,T-Mobile
143.8672921,143.8672921,10,T-Mobile
63.81753866,63.81753866,10,T-Mobile
71.55056762,71.55056762,10,T-Mobile
94.37645273,94.37645273,10,T-Mobile
104.8552001,104.8552001,10,T-Mobile
125.8326301,125.8326301,10,T-Mobile
146.7921355,146.7921355,10,T-Mobile
178.2664629,178.2664629,10,T-Mobile
199.2306275,199.2306275,10,T-Mobile
188.742735,188.742735,10,T-Mobile
199.22944,199.22944,10,T-Mobile
188.744265,188.744265,10,T-Mobile
220.2022725,220.2022725,10,T-Mobile
188.740845,188.740845,10,T-Mobile
178.2589825,178.2589825,10,T-Mobile
220.1998575,220.1998575,10,T-Mobile
209.7131,209.7131,10,T-Mobile
199.2232652,199.2232652,10,T-Mobile
188.7538956,188.7538956,10,T-Mobile
178.255795,178.255795,10,T-Mobile
199.232195,199.232195,10,T-Mobile
230.68353,230.68353,10,T-Mobile
209.7175,209.7175,10,T-Mobile
220.20138,220.20138,10,T-Mobile
199.22925,199.22925,10,T-Mobile
188.74215,188.74215,10,T-Mobile
199.2320525,199.2320525,10,T-Mobile
199.227825,199.227825,10,T-Mobile
188.74503,188.74503,10,T-Mobile
178.256645,178.256645,10,T-Mobile
209.7099501,209.7099501,10,T-Mobile
209.7204501,209.7204501,10,T-Mobile
209.7118501,209.7118501,10,T-Mobile
188.744085,188.744085,10,T-Mobile
220.203165,220.203165,10,T-Mobile
220.1982825,220.1982825,10,T-Mobile
209.71205,209.71205,10,T-Mobile
209.7072503,209.7072503,10,T-Mobile
230.6938702,230.6938702,10,T-Mobile
178.2459783,178.2459783,10,T-Mobile
220.20159,220.20159,10,T-Mobile
199.2382279,199.2382279,10,T-Mobile
237.2744748,237.2744748,10,T-Mobile
57.62032485,57.62032485,10,T-Mobile
79.57815783,79.57815783,10,T-Mobile
83.89154036,83.89154036,10,T-Mobile
104.8548751,104.8548751,10,T-Mobile
125.82873,125.82873,10,T-Mobile
146.80078,146.80078,10,T-Mobile
178.2566875,178.2566875,10,T-Mobile
188.7081817,188.7081817,10,T-Mobile
220.2439134,220.2439134,10,T-Mobile
209.7146,209.7146,10,T-Mobile
199.2194655,199.2194655,10,T-Mobile
188.7287862,188.7287862,10,T-Mobile
188.771224,188.771224,10,T-Mobile
188.7476401,188.7476401,10,T-Mobile
188.7370652,188.7370652,10,T-Mobile
157.2810752,157.2810752,10,T-Mobile
188.7400801,188.7400801,10,T-Mobile
188.744625,188.744625,10,T-Mobile
209.7252505,209.7252505,10,T-Mobile
178.2515027,178.2515027,10,T-Mobile
188.7355803,188.7355803,10,T-Mobile
199.2459714,199.2459714,10,T-Mobile
188.7389551,188.7389551,10,T-Mobile
220.2137182,220.2137182,10,T-Mobile
209.7074503,209.7074503,10,T-Mobile
209.7039006,209.7039006,10,T-Mobile
209.7259005,209.7259005,10,T-Mobile
167.77384,167.77384,10,T-Mobile
188.743095,188.743095,10,T-Mobile
199.2280625,199.2280625,10,T-Mobile
188.740845,188.740845,10,T-Mobile
188.746695,188.746695,10,T-Mobile
178.260045,178.260045,10,T-Mobile
199.1706998,199.1706998,10,T-Mobile
178.3117838,178.3117838,10,T-Mobile
167.754042,167.754042,10,T-Mobile
209.7212502,209.7212502,10,T-Mobile
199.2387979,199.2387979,10,T-Mobile
188.7268965,188.7268965,10,T-Mobile
230.7026161,230.7026161,10,T-Mobile
209.6997011,209.6997011,10,T-Mobile
199.2431684,199.2431684,10,T-Mobile
220.2073652,220.2073652,10,T-Mobile
178.2540101,178.2540101,10,T-Mobile
251.2393798,251.2393798,10,T-Mobile
70.43322101,70.43322101,10,T-Mobile
83.45504,83.45504,10,T-Mobile
94.37024253,94.37024253,10,T-Mobile
115.34556,115.34556,10,T-Mobile
136.313385,136.313385,10,T-Mobile
167.7785202,167.7785202,10,T-Mobile
199.2252601,199.2252601,10,T-Mobile
178.2467007,178.2467007,10,T-Mobile
178.2694807,178.2694807,10,T-Mobile
167.77032,167.77032,10,T-Mobile
188.7354004,188.7354004,10,T-Mobile
178.2650178,178.2650178,10,T-Mobile
178.2631052,178.2631052,10,T-Mobile
167.7602408,167.7602408,10,T-Mobile
188.7384151,188.7384151,10,T-Mobile
188.7474601,188.7474601,10,T-Mobile
199.2290125,199.2290125,10,T-Mobile
188.7403051,188.7403051,10,T-Mobile
199.2409832,199.2409832,10,T-Mobile
178.2565175,178.2565175,10,T-Mobile
188.7470551,188.7470551,10,T-Mobile
188.7321607,188.7321607,10,T-Mobile
188.7608716,188.7608716,10,T-Mobile
188.7435,188.7435,10,T-Mobile
199.2304375,199.2304375,10,T-Mobile
199.2240251,199.2240251,10,T-Mobile
209.7204501,209.7204501,10,T-Mobile
209.7154,209.7154,10,T-Mobile
178.2599175,178.2599175,10,T-Mobile
188.74197,188.74197,10,T-Mobile
178.2470407,178.2470407,10,T-Mobile
209.7263006,209.7263006,10,T-Mobile
209.7194001,209.7194001,10,T-Mobile
209.7097501,209.7097501,10,T-Mobile
220.2042675,220.2042675,10,T-Mobile
220.2018525,220.2018525,10,T-Mobile
209.71415,209.71415,10,T-Mobile
209.7156,209.7156,10,T-Mobile
199.2300575,199.2300575,10,T-Mobile
188.74179,188.74179,10,T-Mobile
188.7393151,188.7393151,10,T-Mobile
199.2354252,199.2354252,10,T-Mobile
167.7642804,167.7642804,10,T-Mobile
216.3646015,216.3646015,10,T-Mobile
52.69299816,52.69299816,10,T-Mobile
53.68578547,53.68578547,10,T-Mobile
56.63582114,56.63582114,10,T-Mobile
56.63503797,56.63503797,10,T-Mobile
55.64767938,55.64767938,10,T-Mobile
62.54701791,62.54701791,10,T-Mobile
62.54421441,62.54421441,10,T-Mobile
64.51571061,64.51571061,10,T-Mobile
57.12545998,57.12545998,10,T-Mobile
65.99409797,65.99409797,10,T-Mobile
64.02233894,64.02233894,10,T-Mobile
55.6443894,55.6443894,10,T-Mobile
67.62203321,67.62203321,10,T-Mobile
68.31022568,68.31022568,10,T-Mobile
67.46860182,67.46860182,10,T-Mobile
72.39217817,72.39217817,10,T-Mobile
83.89162037,83.89162037,10,T-Mobile
83.88658,83.88658,10,T-Mobile
94.37004003,94.37004003,10,T-Mobile
104.8577,104.8577,10,T-Mobile
115.34314,115.34314,10,T-Mobile
125.7959188,125.7959188,10,T-Mobile
146.8418816,146.8418816,10,T-Mobile
167.77184,167.77184,10,T-Mobile
199.227255,199.227255,10,T-Mobile
178.2393919,178.2393919,10,T-Mobile
209.7389027,209.7389027,10,T-Mobile
167.746324,167.746324,10,T-Mobile
241.211989,241.211989,10,T-Mobile
199.1555574,199.1555574,10,T-Mobile
188.8099883,188.8099883,10,T-Mobile
188.7319807,188.7319807,10,T-Mobile
178.2700333,178.2700333,10,T-Mobile
199.22963,199.22963,10,T-Mobile
230.688095,230.688095,10,T-Mobile
199.2083522,199.2083522,10,T-Mobile
209.7286009,209.7286009,10,T-Mobile
241.1809328,241.1809328,10,T-Mobile
209.6497704,209.6497704,10,T-Mobile
209.7825716,209.7825716,10,T-Mobile
220.1954476,220.1954476,10,T-Mobile
209.71265,209.71265,10,T-Mobile
241.169605,241.169605,10,T-Mobile
265.7438246,265.7438246,10,T-Mobile
50.72529487,50.72529487,10,T-Mobile
63.03572671,63.03572671,10,T-Mobile
72.12316806,72.12316806,10,T-Mobile
94.37609269,94.37609269,10,T-Mobile
104.8640004,104.8640004,10,T-Mobile
136.3105251,136.3105251,10,T-Mobile
157.2897001,157.2897001,10,T-Mobile
167.7630805,167.7630805,10,T-Mobile
209.7225503,209.7225503,10,T-Mobile
230.6814401,230.6814401,10,T-Mobile
230.6288195,230.6288195,10,T-Mobile
220.2557836,220.2557836,10,T-Mobile
209.7265506,209.7265506,10,T-Mobile
178.2586,178.2586,10,T-Mobile
220.1796471,220.1796471,10,T-Mobile
251.680862,251.680862,10,T-Mobile
220.1915104,220.1915104,10,T-Mobile
241.1821404,241.1821404,10,T-Mobile
230.685785,230.685785,10,T-Mobile
230.6823201,230.6823201,10,T-Mobile
241.1761026,241.1761026,10,T-Mobile
251.6536801,251.6536801,10,T-Mobile
220.2047401,220.2047401,10,T-Mobile
241.1761026,241.1761026,10,T-Mobile
230.6800102,230.6800102,10,T-Mobile
251.6645402,251.6645402,10,T-Mobile
220.1961301,220.1961301,10,T-Mobile
241.1686276,241.1686276,10,T-Mobile
251.6662803,251.6662803,10,T-Mobile
230.68903,230.68903,10,T-Mobile
230.6779203,230.6779203,10,T-Mobile
230.6936502,230.6936502,10,T-Mobile
241.1539089,241.1539089,10,T-Mobile
251.6793618,251.6793618,10,T-Mobile
241.1659827,241.1659827,10,T-Mobile
230.6909001,230.6909001,10,T-Mobile
241.1681101,241.1681101,10,T-Mobile
230.6924951,230.6924951,10,T-Mobile
251.65848,251.65848,10,T-Mobile
220.189988,220.189988,10,T-Mobile
251.6632201,251.6632201,10,T-Mobile
209.7209002,209.7209002,10,T-Mobile
188.7383701,188.7383701,10,T-Mobile
220.1968126,220.1968126,10,T-Mobile
260.6573168,260.6573168,10,T-Mobile
55.34177359,55.34177359,10,T-Mobile
68.01288179,68.01288179,10,T-Mobile
70.90752423,70.90752423,10,T-Mobile
88.63643338,88.63643338,10,T-Mobile
97.52276292,97.52276292,10,T-Mobile
104.318073,104.318073,10,T-Mobile
115.6779852,115.6779852,10,T-Mobile
140.261113,140.261113,10,T-Mobile
176.2223992,176.2223992,10,T-Mobile
214.7094658,214.7094658,10,T-Mobile
256.6821212,256.6821212,10,T-Mobile
291.5132777,291.5132777,10,T-Mobile
418.2043183,418.2043183,10,T-Mobile
440.2959112,440.2959112,10,T-Mobile
443.7659544,443.7659544,10,T-Mobile
501.4289707,501.4289707,10,T-Mobile
472.9066901,472.9066901,10,T-Mobile
501.0361852,501.0361852,10,T-Mobile
523.1789929,523.1789929,10,T-Mobile
513.2294049,513.2294049,10,T-Mobile
561.0703298,561.0703298,10,T-Mobile
497.0206647,497.0206647,10,T-Mobile
643.3199046,643.3199046,10,T-Mobile
518.6167776,518.6167776,10,T-Mobile
499.0384907,499.0384907,10,T-Mobile
534.8582247,534.8582247,10,T-Mobile
545.9104903,545.9104903,10,T-Mobile
585.8497699,585.8497699,10,T-Mobile
955.999248,955.999248,10,T-Mobile
946.9635007,946.9635007,10,T-Mobile
915.2416071,915.2416071,10,T-Mobile
1010.297965,1010.297965,10,T-Mobile
961.3810433,961.3810433,10,T-Mobile
945.784337,945.784337,10,T-Mobile
999.5352472,999.5352472,10,T-Mobile
1030.707654,1030.707654,10,T-Mobile
984.4622382,984.4622382,10,T-Mobile
1022.958467,1022.958467,10,T-Mobile
929.4583228,929.4583228,10,T-Mobile
973.8667832,973.8667832,10,T-Mobile
982.2553741,982.2553741,10,T-Mobile
1033.638257,1033.638257,10,T-Mobile
969.671936,969.671936,10,T-Mobile
1015.119282,1015.119282,10,T-Mobile
983.6190115,983.6190115,10,T-Mobile
1010.254134,1010.254134,10,T-Mobile
1020.785663,1020.785663,10,T-Mobile
1025.287271,1025.287271,10,T-Mobile
990.6296392,990.6296392,10,T-Mobile
983.1450294,983.1450294,10,T-Mobile
909.3990987,909.3990987,10,T-Mobile
928.5462811,928.5462811,10,T-Mobile
937.3937067,937.3937067,10,T-Mobile
1001.610659,1001.610659,10,T-Mobile
988.8276205,988.8276205,10,T-Mobile
1020.03609,1020.03609,10,T-Mobile
959.5685629,959.5685629,10,T-Mobile
1001.751121,1001.751121,10,T-Mobile
994.8002028,994.8002028,10,T-Mobile
1028.447834,1028.447834,10,T-Mobile
117.003828,117.003828,10,T-Mobile
171.71789,171.71789,10,T-Mobile
231.3534522,231.3534522,10,T-Mobile
277.4608877,277.4608877,10,T-Mobile
378.5933972,378.5933972,10,T-Mobile
384.4253812,384.4253812,10,T-Mobile
408.9215364,408.9215364,10,T-Mobile
379.0678179,379.0678179,10,T-Mobile
475.2670237,475.2670237,10,T-Mobile
475.4387823,475.4387823,10,T-Mobile
465.8572157,465.8572157,10,T-Mobile
416.1916444,416.1916444,10,T-Mobile
438.8747799,438.8747799,10,T-Mobile
593.4268837,593.4268837,10,T-Mobile
317.9241643,317.9241643,10,T-Mobile
536.8580799,536.8580799,10,T-Mobile
460.2178805,460.2178805,10,T-Mobile
665.8960046,665.8960046,10,T-Mobile
603.8026579,603.8026579,10,T-Mobile
679.8895252,679.8895252,10,T-Mobile
680.7286948,680.7286948,10,T-Mobile
708.1178864,708.1178864,10,T-Mobile
788.151221,788.151221,10,T-Mobile
727.6675719,727.6675719,10,T-Mobile
721.3458067,721.3458067,10,T-Mobile
642.1952276,642.1952276,10,T-Mobile
661.6551009,661.6551009,10,T-Mobile
537.3500585,537.3500585,10,T-Mobile
601.5511588,601.5511588,10,T-Mobile
658.7924027,658.7924027,10,T-Mobile
647.2884728,647.2884728,10,T-Mobile
690.9746538,690.9746538,10,T-Mobile
651.0637639,651.0637639,10,T-Mobile
587.1585333,587.1585333,10,T-Mobile
660.6544259,660.6544259,10,T-Mobile
629.0726335,629.0726335,10,T-Mobile
618.7148993,618.7148993,10,T-Mobile
587.1949301,587.1949301,10,T-Mobile
671.0658408,671.0658408,10,T-Mobile
733.9635646,733.9635646,10,T-Mobile
734.0560538,734.0560538,10,T-Mobile
660.6167403,660.6167403,10,T-Mobile
660.3651406,660.3651406,10,T-Mobile
618.8832725,618.8832725,10,T-Mobile
692.0491052,692.0491052,10,T-Mobile
692.0629238,692.0629238,10,T-Mobile
681.5593691,681.5593691,10,T-Mobile
576.740451,576.740451,10,T-Mobile
702.5086532,702.5086532,10,T-Mobile
933.2550574,933.2550574,10,T-Mobile
817.8917175,817.8917175,10,T-Mobile
859.8443639,859.8443639,10,T-Mobile
849.3490913,849.3490913,10,T-Mobile
807.3889865,807.3889865,10,T-Mobile
755.013242,755.013242,10,T-Mobile
733.9834255,733.9834255,10,T-Mobile
796.8883111,796.8883111,10,T-Mobile
671.1114408,671.1114408,10,T-Mobile
681.5607503,681.5607503,10,T-Mobile
692.0906038,692.0906038,10,T-Mobile
836.9954714,836.9954714,10,T-Mobile
113.0477613,113.0477613,10,T-Mobile
175.5621352,175.5621352,10,T-Mobile
220.3654665,220.3654665,10,T-Mobile
243.3021403,243.3021403,10,T-Mobile
281.872824,281.872824,10,T-Mobile
306.0428308,306.0428308,10,T-Mobile
325.2123385,325.2123385,10,T-Mobile
458.8057001,458.8057001,10,T-Mobile
418.3787361,418.3787361,10,T-Mobile
445.0804537,445.0804537,10,T-Mobile
510.7060186,510.7060186,10,T-Mobile
497.611497,497.611497,10,T-Mobile
518.4965926,518.4965926,10,T-Mobile
399.4473003,399.4473003,10,T-Mobile
512.3194148,512.3194148,10,T-Mobile
550.0112678,550.0112678,10,T-Mobile
475.905101,475.905101,10,T-Mobile
507.2664515,507.2664515,10,T-Mobile
509.2550657,509.2550657,10,T-Mobile
708.7598207,708.7598207,10,T-Mobile
753.8201397,753.8201397,10,T-Mobile
657.7709014,657.7709014,10,T-Mobile
726.8358381,726.8358381,10,T-Mobile
721.6821133,721.6821133,10,T-Mobile
777.2342019,777.2342019,10,T-Mobile
674.3884386,674.3884386,10,T-Mobile
760.3816811,760.3816811,10,T-Mobile
739.580416,739.580416,10,T-Mobile
750.0526746,750.0526746,10,T-Mobile
710.9125713,710.9125713,10,T-Mobile
842.3927703,842.3927703,10,T-Mobile
773.174019,773.174019,10,T-Mobile
761.2158593,761.2158593,10,T-Mobile
726.2787022,726.2787022,10,T-Mobile
757.6158545,757.6158545,10,T-Mobile
690.222602,690.222602,10,T-Mobile
742.140401,742.140401,10,T-Mobile
674.3209974,674.3209974,10,T-Mobile
716.4476125,716.4476125,10,T-Mobile
840.9642812,840.9642812,10,T-Mobile
701.2611083,701.2611083,10,T-Mobile
675.6141662,675.6141662,10,T-Mobile
751.6513938,751.6513938,10,T-Mobile
832.4788787,832.4788787,10,T-Mobile
729.7016475,729.7016475,10,T-Mobile
647.0244732,647.0244732,10,T-Mobile
810.8440752,810.8440752,10,T-Mobile
664.4644938,664.4644938,10,T-Mobile
654.6669267,654.6669267,10,T-Mobile
720.4485582,720.4485582,10,T-Mobile
719.1318796,719.1318796,10,T-Mobile
637.0847881,637.0847881,10,T-Mobile
659.2850093,659.2850093,10,T-Mobile
772.1925149,772.1925149,10,T-Mobile
738.4470757,738.4470757,10,T-Mobile
778.8209275,778.8209275,10,T-Mobile
710.3392089,710.3392089,10,T-Mobile
628.2674232,628.2674232,10,T-Mobile
680.0123703,680.0123703,10,T-Mobile
649.1335547,649.1335547,10,T-Mobile
594.9704918,594.9704918,10,T-Mobile
78.82049896,78.82049896,10,T-Mobile
161.5293963,161.5293963,10,T-Mobile
327.5017767,327.5017767,10,T-Mobile
619.7676809,619.7676809,10,T-Mobile
744.2338276,744.2338276,10,T-Mobile
922.5943044,922.5943044,10,T-Mobile
964.1833065,964.1833065,10,T-Mobile
869.0731672,869.0731672,10,T-Mobile
764.8934193,764.8934193,10,T-Mobile
901.7627299,901.7627299,10,T-Mobile
827.842539,827.842539,10,T-Mobile
890.9520753,890.9520753,10,T-Mobile
943.3687381,943.3687381,10,T-Mobile
796.2676018,796.2676018,10,T-Mobile
786.1572804,786.1572804,10,T-Mobile
786.1777539,786.1777539,10,T-Mobile
660.3032211,660.3032211,10,T-Mobile
586.9825178,586.9825178,10,T-Mobile
723.1521503,723.1521503,10,T-Mobile
743.7963557,743.7963557,10,T-Mobile
450.7043486,450.7043486,10,T-Mobile
754.9132566,754.9132566,10,T-Mobile
754.6490921,754.6490921,10,T-Mobile
817.4957615,817.4957615,10,T-Mobile
806.97729,806.97729,10,T-Mobile
744.4074299,744.4074299,10,T-Mobile
555.7163965,555.7163965,10,T-Mobile
848.8733587,848.8733587,10,T-Mobile
744.1868326,744.1868326,10,T-Mobile
523.8653282,523.8653282,10,T-Mobile
691.9584398,691.9584398,10,T-Mobile
617.9535239,617.9535239,10,T-Mobile
545.3030735,545.3030735,10,T-Mobile
628.8116926,628.8116926,10,T-Mobile
743.6291848,743.6291848,10,T-Mobile
807.0377683,807.0377683,10,T-Mobile
806.7935734,806.7935734,10,T-Mobile
901.2738984,901.2738984,10,T-Mobile
974.129249,974.129249,10,T-Mobile
964.0136535,964.0136535,10,T-Mobile
785.9766,785.9766,10,T-Mobile
692.0387,692.0387,10,T-Mobile
566.22996,566.22996,10,T-Mobile
627.7669908,627.7669908,10,T-Mobile
734.7963815,734.7963815,10,T-Mobile
702.0297946,702.0297946,10,T-Mobile
984.882617,984.882617,10,T-Mobile
848.7322211,848.7322211,10,T-Mobile
838.818958,838.818958,10,T-Mobile
732.949935,732.949935,10,T-Mobile
597.8079014,597.8079014,10,T-Mobile
586.4013608,586.4013608,10,T-Mobile
775.3680674,775.3680674,10,T-Mobile
743.920222,743.920222,10,T-Mobile
692.06082,692.06082,10,T-Mobile
545.25627,545.25627,10,T-Mobile
681.3863583,681.3863583,10,T-Mobile
408.940545,408.940545,10,T-Mobile
639.6249551,639.6249551,10,T-Mobile
366.9935502,366.9935502,10,T-Mobile
847.1000236,847.1000236,10,T-Mobile
63.12520519,63.12520519,10,T-Mobile
94.7239263,94.7239263,10,T-Mobile
143.5652575,143.5652575,10,T-Mobile
224.4701108,224.4701108,10,T-Mobile
285.9826444,285.9826444,10,T-Mobile
377.9166337,377.9166337,10,T-Mobile
389.8091946,389.8091946,10,T-Mobile
320.0957243,320.0957243,10,T-Mobile
453.5733141,453.5733141,10,T-Mobile
424.6946509,424.6946509,10,T-Mobile
398.0572757,398.0572757,10,T-Mobile
470.6127246,470.6127246,10,T-Mobile
492.7394067,492.7394067,10,T-Mobile
427.0985069,427.0985069,10,T-Mobile
424.3161768,424.3161768,10,T-Mobile
532.9430232,532.9430232,10,T-Mobile
594.6069874,594.6069874,10,T-Mobile
528.4469302,528.4469302,10,T-Mobile
582.226842,582.226842,10,T-Mobile
618.7726279,618.7726279,10,T-Mobile
580.8769437,580.8769437,10,T-Mobile
690.819004,690.819004,10,T-Mobile
678.5985228,678.5985228,10,T-Mobile
688.876347,688.876347,10,T-Mobile
642.9109048,642.9109048,10,T-Mobile
748.9217111,748.9217111,10,T-Mobile
705.6731978,705.6731978,10,T-Mobile
717.6256055,717.6256055,10,T-Mobile
723.9060799,723.9060799,10,T-Mobile
724.5127092,724.5127092,10,T-Mobile
803.3871699,803.3871699,10,T-Mobile
731.7545143,731.7545143,10,T-Mobile
745.4583813,745.4583813,10,T-Mobile
782.2856106,782.2856106,10,T-Mobile
829.1666368,829.1666368,10,T-Mobile
762.5978787,762.5978787,10,T-Mobile
857.3971008,857.3971008,10,T-Mobile
843.5013313,843.5013313,10,T-Mobile
844.467392,844.467392,10,T-Mobile
888.0963002,888.0963002,10,T-Mobile
930.8933119,930.8933119,10,T-Mobile
881.141306,881.141306,10,T-Mobile
996.4793333,996.4793333,10,T-Mobile
928.3753231,928.3753231,10,T-Mobile
1000.912479,1000.912479,10,T-Mobile
908.2069808,908.2069808,10,T-Mobile
977.9890496,977.9890496,10,T-Mobile
988.6077276,988.6077276,10,T-Mobile
984.3869162,984.3869162,10,T-Mobile
963.2644892,963.2644892,10,T-Mobile
932.172865,932.172865,10,T-Mobile
996.1970181,996.1970181,10,T-Mobile
996.0845039,996.0845039,10,T-Mobile
964.734312,964.734312,10,T-Mobile
985.7077959,985.7077959,10,T-Mobile
943.6362821,943.6362821,10,T-Mobile
1006.6521,1006.6521,10,T-Mobile
933.2643473,933.2643473,10,T-Mobile
975.1220917,975.1220917,10,T-Mobile
997.3140362,997.3140362,10,T-Mobile
221.5922152,221.5922152,10,T-Mobile
204.5867113,204.5867113,10,T-Mobile
262.8047481,262.8047481,10,T-Mobile
293.253864,293.253864,10,T-Mobile
363.8743896,363.8743896,10,T-Mobile
321.3242336,321.3242336,10,T-Mobile
497.2746228,497.2746228,10,T-Mobile
313.1779041,313.1779041,10,T-Mobile
328.2395165,328.2395165,10,T-Mobile
467.4628152,467.4628152,10,T-Mobile
526.5868049,526.5868049,10,T-Mobile
500.8476198,500.8476198,10,T-Mobile
602.6217569,602.6217569,10,T-Mobile
460.7556655,460.7556655,10,T-Mobile
536.557663,536.557663,10,T-Mobile
527.3895669,527.3895669,10,T-Mobile
559.3455801,559.3455801,10,T-Mobile
472.9903329,472.9903329,10,T-Mobile
550.297008,550.297008,10,T-Mobile
651.6944161,651.6944161,10,T-Mobile
688.5481588,688.5481588,10,T-Mobile
622.49764,622.49764,10,T-Mobile
335.8425188,335.8425188,10,T-Mobile
554.0263534,554.0263534,10,T-Mobile
790.7786793,790.7786793,10,T-Mobile
733.6541558,733.6541558,10,T-Mobile
628.3974373,628.3974373,10,T-Mobile
724.0510739,724.0510739,10,T-Mobile
806.96457,806.96457,10,T-Mobile
818.3574015,818.3574015,10,T-Mobile
692.0740203,692.0740203,10,T-Mobile
817.9915215,817.9915215,10,T-Mobile
702.4637709,702.4637709,10,T-Mobile
692.0539726,692.0539726,10,T-Mobile
650.1229713,650.1229713,10,T-Mobile
723.4660387,723.4660387,10,T-Mobile
702.5768251,702.5768251,10,T-Mobile
702.5522432,702.5522432,10,T-Mobile
681.5689563,681.5689563,10,T-Mobile
765.4719777,765.4719777,10,T-Mobile
650.1223125,650.1223125,10,T-Mobile
608.1698025,608.1698025,10,T-Mobile
639.6281575,639.6281575,10,T-Mobile
692.0518276,692.0518276,10,T-Mobile
786.4626574,786.4626574,10,T-Mobile
870.303244,870.303244,10,T-Mobile
650.0709333,650.0709333,10,T-Mobile
660.6491095,660.6491095,10,T-Mobile
576.7035316,576.7035316,10,T-Mobile
681.5955257,681.5955257,10,T-Mobile
754.9580704,754.9580704,10,T-Mobile
932.7886301,932.7886301,10,T-Mobile
944.1914182,944.1914182,10,T-Mobile
964.6745102,964.6745102,10,T-Mobile
849.3389663,849.3389663,10,T-Mobile
849.3762779,849.3762779,10,T-Mobile
723.4849252,723.4849252,10,T-Mobile
807.3906227,807.3906227,10,T-Mobile
859.8340625,859.8340625,10,T-Mobile
901.7951942,901.7951942,10,T-Mobile
838.9279387,838.9279387,10,T-Mobile
57.22812031,57.22812031,10,T-Mobile
72.09654519,72.09654519,10,T-Mobile
99.46195913,99.46195913,10,T-Mobile
118.9719829,118.9719829,10,T-Mobile
155.828811,155.828811,10,T-Mobile
195.8125924,195.8125924,10,T-Mobile
202.0850077,202.0850077,10,T-Mobile
234.3109714,234.3109714,10,T-Mobile
283.5622116,283.5622116,10,T-Mobile
350.8977594,350.8977594,10,T-Mobile
382.5799738,382.5799738,10,T-Mobile
412.9471008,412.9471008,10,T-Mobile
457.0286878,457.0286878,10,T-Mobile
447.8672048,447.8672048,10,T-Mobile
492.0367853,492.0367853,10,T-Mobile
542.784268,542.784268,10,T-Mobile
560.1552472,560.1552472,10,T-Mobile
521.2683736,521.2683736,10,T-Mobile
586.1108857,586.1108857,10,T-Mobile
606.5660861,606.5660861,10,T-Mobile
583.9627317,583.9627317,10,T-Mobile
591.5171555,591.5171555,10,T-Mobile
612.5247667,612.5247667,10,T-Mobile
593.842631,593.842631,10,T-Mobile
601.7790457,601.7790457,10,T-Mobile
566.1846798,566.1846798,10,T-Mobile
567.0093716,567.0093716,10,T-Mobile
590.3870488,590.3870488,10,T-Mobile
562.0680468,562.0680468,10,T-Mobile
584.1641952,584.1641952,10,T-Mobile
552.3538968,552.3538968,10,T-Mobile
607.4078143,607.4078143,10,T-Mobile
534.4843972,534.4843972,10,T-Mobile
575.9959983,575.9959983,10,T-Mobile
575.3251195,575.3251195,10,T-Mobile
597.6853275,597.6853275,10,T-Mobile
543.753703,543.753703,10,T-Mobile
534.0929528,534.0929528,10,T-Mobile
597.0158821,597.0158821,10,T-Mobile
575.412296,575.412296,10,T-Mobile
492.4353876,492.4353876,10,T-Mobile
439.9071398,439.9071398,10,T-Mobile
523.4544092,523.4544092,10,T-Mobile
576.4035552,576.4035552,10,T-Mobile
566.2361363,566.2361363,10,T-Mobile
587.1884903,587.1884903,10,T-Mobile
566.2582101,566.2582101,10,T-Mobile
566.2168654,566.2168654,10,T-Mobile
513.8048125,513.8048125,10,T-Mobile
618.6320375,618.6320375,10,T-Mobile
545.2895192,545.2895192,10,T-Mobile
587.1884903,587.1884903,10,T-Mobile
555.7469363,555.7469363,10,T-Mobile
618.6697227,618.6697227,10,T-Mobile
576.7104751,576.7104751,10,T-Mobile
586.8715767,586.8715767,10,T-Mobile
556.0627988,556.0627988,10,T-Mobile
941.0683594,941.0683594,10,T-Mobile
56.06605853,56.06605853,10,T-Mobile
65.784384,65.784384,10,T-Mobile
76.86964801,76.86964801,10,T-Mobile
84.93784205,84.93784205,10,T-Mobile
96.52278917,96.52278917,10,T-Mobile
102.9287372,102.9287372,10,T-Mobile
112.7780276,112.7780276,10,T-Mobile
146.2706402,146.2706402,10,T-Mobile
193.0469591,193.0469591,10,T-Mobile
287.6166859,287.6166859,10,T-Mobile
398.41594,398.41594,10,T-Mobile
542.696657,542.696657,10,T-Mobile
723.4617443,723.4617443,10,T-Mobile
905.8061935,905.8061935,10,T-Mobile
997.6743103,997.6743103,10,T-Mobile
1006.6128,1006.6128,10,T-Mobile
901.7908403,901.7908403,10,T-Mobile
964.6745102,964.6745102,10,T-Mobile
954.2184927,954.2184927,10,T-Mobile
964.7110805,964.7110805,10,T-Mobile
933.23531,933.23531,10,T-Mobile
754.9513207,754.9513207,10,T-Mobile
1027.634371,1027.634371,10,T-Mobile
954.1688988,954.1688988,10,T-Mobile
943.7211,943.7211,10,T-Mobile
817.9000051,817.9000051,10,T-Mobile
933.2250751,933.2250751,10,T-Mobile
1006.456831,1006.456831,10,T-Mobile
943.8968587,943.8968587,10,T-Mobile
985.6536851,985.6536851,10,T-Mobile
933.226855,933.226855,10,T-Mobile
775.9695507,775.9695507,10,T-Mobile
996.1134761,996.1134761,10,T-Mobile
954.234646,954.234646,10,T-Mobile
985.6456953,985.6456953,10,T-Mobile
996.1590751,996.1590751,10,T-Mobile
1017.157279,1017.157279,10,T-Mobile
1027.565526,1027.565526,10,T-Mobile
996.1521875,996.1521875,10,T-Mobile
1006.63704,1006.63704,10,T-Mobile
1038.085043,1038.085043,10,T-Mobile
975.144526,975.144526,10,T-Mobile
1017.12066,1017.12066,10,T-Mobile
996.178076,996.178076,10,T-Mobile
650.0690736,650.0690736,10,T-Mobile
734.0397768,734.0397768,10,T-Mobile
922.75062,922.75062,10,T-Mobile
922.75348,922.75348,10,T-Mobile
765.4727077,765.4727077,10,T-Mobile
754.9572604,754.9572604,10,T-Mobile
650.1099901,650.1099901,10,T-Mobile
870.3442258,870.3442258,10,T-Mobile
786.4335,786.4335,10,T-Mobile
880.5871733,880.5871733,10,T-Mobile
828.5623123,828.5623123,10,T-Mobile
985.664495,985.664495,10,T-Mobile
933.2419851,933.2419851,10,T-Mobile
828.3219159,828.3219159,10,T-Mobile
832.0808444,832.0808444,10,T-Mobile
89.79768235,89.79768235,10,T-Mobile
190.5823081,190.5823081,10,T-Mobile
317.6601273,317.6601273,10,T-Mobile
477.2140302,477.2140302,10,T-Mobile
699.5156248,699.5156248,10,T-Mobile
660.6173703,660.6173703,10,T-Mobile
754.9671601,754.9671601,10,T-Mobile
1006.64712,1006.64712,10,T-Mobile
650.1093701,650.1093701,10,T-Mobile
692.0595,692.0595,10,T-Mobile
849.3583052,849.3583052,10,T-Mobile
891.2834375,891.2834375,10,T-Mobile
943.713675,943.713675,10,T-Mobile
870.3311527,870.3311527,10,T-Mobile
912.2511151,912.2511151,10,T-Mobile
954.2280481,954.2280481,10,T-Mobile
744.4866525,744.4866525,10,T-Mobile
1027.586105,1027.586105,10,T-Mobile
996.1749883,996.1749883,10,T-Mobile
796.8945807,796.8945807,10,T-Mobile
859.82986,859.82986,10,T-Mobile
922.746,922.746,10,T-Mobile
954.0513045,954.0513045,10,T-Mobile
996.3315341,996.3315341,10,T-Mobile
943.6929757,943.6929757,10,T-Mobile
1017.077982,1017.077982,10,T-Mobile
954.2471594,954.2471594,10,T-Mobile
1017.13909,1017.13909,10,T-Mobile
1080.022465,1080.022465,10,T-Mobile
943.6628283,943.6628283,10,T-Mobile
828.2970348,828.2970348,10,T-Mobile
1048.731273,1048.731273,10,T-Mobile
1069.5669,1069.5669,10,T-Mobile
1069.545225,1069.545225,10,T-Mobile
996.1502875,996.1502875,10,T-Mobile
933.23175,933.23175,10,T-Mobile
975.17568,975.17568,10,T-Mobile
901.7581603,901.7581603,10,T-Mobile
901.7880452,901.7880452,10,T-Mobile
964.69176,964.69176,10,T-Mobile
996.1322377,996.1322377,10,T-Mobile
975.1805625,975.1805625,10,T-Mobile
796.9035103,796.9035103,10,T-Mobile
880.80111,880.80111,10,T-Mobile
933.2092781,933.2092781,10,T-Mobile
964.720741,964.720741,10,T-Mobile
880.8258906,880.8258906,10,T-Mobile
765.45975,765.45975,10,T-Mobile
104.7729434,104.7729434,10,T-Mobile
115.4373215,115.4373215,10,T-Mobile
83.89866189,83.89866189,10,T-Mobile
52.4288,52.4288,10,T-Mobile
73.39965501,73.39965501,10,T-Mobile
83.87862066,83.87862066,10,T-Mobile
94.38354145,94.38354145,10,T-Mobile
62.9110352,62.9110352,10,T-Mobile
71.15702278,71.15702278,10,T-Mobile
83.41717671,83.41717671,10,T-Mobile
94.88352988,94.88352988,10,T-Mobile
103.7169062,103.7169062,10,T-Mobile
118.5437687,118.5437687,10,T-Mobile
125.6279132,125.6279132,10,T-Mobile
138.8806182,138.8806182,10,T-Mobile
133.9528354,133.9528354,10,T-Mobile
168.9181028,168.9181028,10,T-Mobile
222.1102275,222.1102275,10,T-Mobile
276.7760036,276.7760036,10,T-Mobile
348.1875107,348.1875107,10,T-Mobile
347.6894708,347.6894708,10,T-Mobile
377.2332943,377.2332943,10,T-Mobile
370.0017176,370.0017176,10,T-Mobile
409.099397,409.099397,10,T-Mobile
514.0131403,514.0131403,10,T-Mobile
556.2970463,556.2970463,10,T-Mobile
545.4691421,545.4691421,10,T-Mobile
574.1568266,574.1568266,10,T-Mobile
598.7386135,598.7386135,10,T-Mobile
605.3513672,605.3513672,10,T-Mobile
592.5132683,592.5132683,10,T-Mobile
607.0902775,607.0902775,10,T-Mobile
565.3059026,565.3059026,10,T-Mobile
544.9459031,544.9459031,10,T-Mobile
607.4477145,607.4477145,10,T-Mobile
492.2132064,492.2132064,10,T-Mobile
587.268826,587.268826,10,T-Mobile
596.7946523,596.7946523,10,T-Mobile
566.1708027,566.1708027,10,T-Mobile
617.8734893,617.8734893,10,T-Mobile
586.6272805,586.6272805,10,T-Mobile
576.2839738,576.2839738,10,T-Mobile
555.1544122,555.1544122,10,T-Mobile
628.7371953,628.7371953,10,T-Mobile
554.9139174,554.9139174,10,T-Mobile
607.7307888,607.7307888,10,T-Mobile
596.7350368,596.7350368,10,T-Mobile
523.8595829,523.8595829,10,T-Mobile
597.610212,597.610212,10,T-Mobile
618.3761658,618.3761658,10,T-Mobile
587.0572004,587.0572004,10,T-Mobile
566.22699,566.22699,10,T-Mobile
576.4840078,576.4840078,10,T-Mobile
576.7278002,576.7278002,10,T-Mobile
597.1780299,597.1780299,10,T-Mobile
576.2736693,576.2736693,10,T-Mobile
597.6870375,597.6870375,10,T-Mobile
566.1516346,566.1516346,10,T-Mobile
555.1794285,555.1794285,10,T-Mobile
576.7012629,576.7012629,10,T-Mobile
534.0548507,534.0548507,10,T-Mobile
587.0746966,587.0746966,10,T-Mobile
555.6647623,555.6647623,10,T-Mobile
587.1978,587.1978,10,T-Mobile
597.6043702,597.6043702,10,T-Mobile
565.6540273,565.6540273,10,T-Mobile
576.4317763,576.4317763,10,T-Mobile
615.8228262,615.8228262,10,T-Mobile
105.1222909,105.1222909,10,T-Mobile
196.4614022,196.4614022,10,T-Mobile
236.4267988,236.4267988,10,T-Mobile
298.105096,298.105096,10,T-Mobile
337.9154096,337.9154096,10,T-Mobile
322.8042863,322.8042863,10,T-Mobile
352.7253899,352.7253899,10,T-Mobile
372.1376424,372.1376424,10,T-Mobile
345.111552,345.111552,10,T-Mobile
372.0922287,372.0922287,10,T-Mobile
385.0682526,385.0682526,10,T-Mobile
406.0699431,406.0699431,10,T-Mobile
403.048557,403.048557,10,T-Mobile
423.6715302,423.6715302,10,T-Mobile
486.1274824,486.1274824,10,T-Mobile
487.7165817,487.7165817,10,T-Mobile
526.6976598,526.6976598,10,T-Mobile
551.3360542,551.3360542,10,T-Mobile
529.4476095,529.4476095,10,T-Mobile
532.7689919,532.7689919,10,T-Mobile
565.6160513,565.6160513,10,T-Mobile
546.6831703,546.6831703,10,T-Mobile
544.8793201,544.8793201,10,T-Mobile
540.2868899,540.2868899,10,T-Mobile
532.8652561,532.8652561,10,T-Mobile
516.4201119,516.4201119,10,T-Mobile
531.5854277,531.5854277,10,T-Mobile
540.8599281,540.8599281,10,T-Mobile
554.9561124,554.9561124,10,T-Mobile
545.2785982,545.2785982,10,T-Mobile
471.8549813,471.8549813,10,T-Mobile
534.7769794,534.7769794,10,T-Mobile
555.7291817,555.7291817,10,T-Mobile
534.7715925,534.7715925,10,T-Mobile
555.7552839,555.7552839,10,T-Mobile
513.8196968,513.8196968,10,T-Mobile
544.4423316,544.4423316,10,T-Mobile
535.5551363,535.5551363,10,T-Mobile
534.7705725,534.7705725,10,T-Mobile
513.8176448,513.8176448,10,T-Mobile
534.7652176,534.7652176,10,T-Mobile
566.2491643,566.2491643,10,T-Mobile
513.7842331,513.7842331,10,T-Mobile
545.2677101,545.2677101,10,T-Mobile
513.7934814,513.7934814,10,T-Mobile
534.7646439,534.7646439,10,T-Mobile
545.2671576,545.2671576,10,T-Mobile
513.8089163,513.8089163,10,T-Mobile
503.3038803,503.3038803,10,T-Mobile
534.7791151,534.7791151,10,T-Mobile
492.839092,492.839092,10,T-Mobile
534.4466677,534.4466677,10,T-Mobile
514.1184232,514.1184232,10,T-Mobile
534.7630502,534.7630502,10,T-Mobile
524.2990002,524.2990002,10,T-Mobile
513.782212,513.782212,10,T-Mobile
534.8095899,534.8095899,10,T-Mobile
524.2775002,524.2775002,10,T-Mobile
534.7625402,534.7625402,10,T-Mobile
503.3280603,503.3280603,10,T-Mobile
875.9399169,875.9399169,10,T-Mobile
97.7734041,97.7734041,10,T-Mobile
253.7119806,253.7119806,10,T-Mobile
361.0944958,361.0944958,10,T-Mobile
554.0459796,554.0459796,10,T-Mobile
749.3272418,749.3272418,10,T-Mobile
916.9549406,916.9549406,10,T-Mobile
1027.419647,1027.419647,10,T-Mobile
964.7382224,964.7382224,10,T-Mobile
954.2002925,954.2002925,10,T-Mobile
954.2098475,954.2098475,10,T-Mobile
974.8384392,974.8384392,10,T-Mobile
965.0276782,965.0276782,10,T-Mobile
996.1571751,996.1571751,10,T-Mobile
964.6811801,964.6811801,10,T-Mobile
912.25938,912.25938,10,T-Mobile
933.225965,933.225965,10,T-Mobile
954.210985,954.210985,10,T-Mobile
901.7067802,901.7067802,10,T-Mobile
964.7621454,964.7621454,10,T-Mobile
954.20234,954.20234,10,T-Mobile
964.68325,964.68325,10,T-Mobile
943.7314502,943.7314502,10,T-Mobile
870.3267951,870.3267951,10,T-Mobile
744.4770677,744.4770677,10,T-Mobile
765.4621225,765.4621225,10,T-Mobile
901.779875,901.779875,10,T-Mobile
775.944575,775.944575,10,T-Mobile
849.3491925,849.3491925,10,T-Mobile
817.886745,817.886745,10,T-Mobile
817.891815,817.891815,10,T-Mobile
733.999525,733.999525,10,T-Mobile
650.119755,650.119755,10,T-Mobile
744.4777777,744.4777777,10,T-Mobile
912.2765628,912.2765628,10,T-Mobile
650.113245,650.113245,10,T-Mobile
723.51675,723.51675,10,T-Mobile
880.79754,880.79754,10,T-Mobile
975.197303,975.197303,10,T-Mobile
922.7255405,922.7255405,10,T-Mobile
807.4116051,807.4116051,10,T-Mobile
807.40275,807.40275,10,T-Mobile
681.5744,681.5744,10,T-Mobile
713.0252201,713.0252201,10,T-Mobile
702.5437425,702.5437425,10,T-Mobile
744.4898475,744.4898475,10,T-Mobile
786.4389376,786.4389376,10,T-Mobile
608.1431966,608.1431966,10,T-Mobile
650.1293652,650.1293652,10,T-Mobile
618.634471,618.634471,10,T-Mobile
734.0634049,734.0634049,10,T-Mobile
629.14125,629.14125,10,T-Mobile
723.497948,723.497948,10,T-Mobile
681.5722875,681.5722875,10,T-Mobile
702.5298404,702.5298404,10,T-Mobile
734.0420521,734.0420521,10,T-Mobile
754.8939087,754.8939087,10,T-Mobile
702.5705434,702.5705434,10,T-Mobile
786.4470003,786.4470003,10,T-Mobile
618.6652975,618.6652975,10,T-Mobile
555.7186488,555.7186488,10,T-Mobile
783.989966,783.989966,10,T-Mobile
52.18161716,52.18161716,10,T-Mobile
71.63055925,71.63055925,10,T-Mobile
103.9006763,103.9006763,10,T-Mobile
133.7358155,133.7358155,10,T-Mobile
174.3646409,174.3646409,10,T-Mobile
221.1791233,221.1791233,10,T-Mobile
227.8700358,227.8700358,10,T-Mobile
256.1393862,256.1393862,10,T-Mobile
274.3516055,274.3516055,10,T-Mobile
343.3863893,343.3863893,10,T-Mobile
312.0921194,312.0921194,10,T-Mobile
266.769148,266.769148,10,T-Mobile
338.6602472,338.6602472,10,T-Mobile
338.010835,338.010835,10,T-Mobile
379.9193033,379.9193033,10,T-Mobile
361.8680996,361.8680996,10,T-Mobile
382.2226315,382.2226315,10,T-Mobile
420.1888899,420.1888899,10,T-Mobile
472.710549,472.710549,10,T-Mobile
485.74464,485.74464,10,T-Mobile
527.2371496,527.2371496,10,T-Mobile
617.5129852,617.5129852,10,T-Mobile
492.8445266,492.8445266,10,T-Mobile
440.3455422,440.3455422,10,T-Mobile
555.7808585,555.7808585,10,T-Mobile
587.2313314,587.2313314,10,T-Mobile
545.1808329,545.1808329,10,T-Mobile
554.7600373,554.7600373,10,T-Mobile
440.0270219,440.0270219,10,T-Mobile
410.0123152,410.0123152,10,T-Mobile
440.1092696,440.1092696,10,T-Mobile
451.240556,451.240556,10,T-Mobile
408.9155871,408.9155871,10,T-Mobile
492.8208502,492.8208502,10,T-Mobile
545.2677101,545.2677101,10,T-Mobile
576.6873765,576.6873765,10,T-Mobile
544.7512393,544.7512393,10,T-Mobile
524.8107081,524.8107081,10,T-Mobile
566.2140305,566.2140305,10,T-Mobile
555.7686341,555.7686341,10,T-Mobile
576.7139125,576.7139125,10,T-Mobile
534.7636239,534.7636239,10,T-Mobile
576.6793337,576.6793337,10,T-Mobile
587.236617,587.236617,10,T-Mobile
587.2178204,587.2178204,10,T-Mobile
587.1919902,587.1919902,10,T-Mobile
566.2270575,566.2270575,10,T-Mobile
629.14305,629.14305,10,T-Mobile
587.1819807,587.1819807,10,T-Mobile
576.6516324,576.6516324,10,T-Mobile
587.2953597,587.2953597,10,T-Mobile
587.2119401,587.2119401,10,T-Mobile
566.1732659,566.1732659,10,T-Mobile
587.2536644,587.2536644,10,T-Mobile
543.3864366,543.3864366,10,T-Mobile
610.2758799,610.2758799,10,T-Mobile
650.113865,650.113865,10,T-Mobile
713.0466403,713.0466403,10,T-Mobile
805.5930262,805.5930262,10,T-Mobile
138.3393235,138.3393235,10,T-Mobile
229.3406844,229.3406844,10,T-Mobile
317.4847932,317.4847932,10,T-Mobile
400.8086683,400.8086683,10,T-Mobile
425.9787207,425.9787207,10,T-Mobile
398.74528,398.74528,10,T-Mobile
413.8160993,413.8160993,10,T-Mobile
441.4618924,441.4618924,10,T-Mobile
431.23215,431.23215,10,T-Mobile
481.206698,481.206698,10,T-Mobile
495.0791316,495.0791316,10,T-Mobile
555.6873183,555.6873183,10,T-Mobile
472.5964823,472.5964823,10,T-Mobile
642.9452227,642.9452227,10,T-Mobile
581.9615997,581.9615997,10,T-Mobile
583.0832788,583.0832788,10,T-Mobile
636.1152302,636.1152302,10,T-Mobile
625.5764072,625.5764072,10,T-Mobile
660.5136981,660.5136981,10,T-Mobile
694.7738692,694.7738692,10,T-Mobile
714.7957044,714.7957044,10,T-Mobile
719.70048,719.70048,10,T-Mobile
795.8074295,795.8074295,10,T-Mobile
754.7111032,754.7111032,10,T-Mobile
471.8582438,471.8582438,10,T-Mobile
534.7833864,534.7833864,10,T-Mobile
576.7231594,576.7231594,10,T-Mobile
555.7486256,555.7486256,10,T-Mobile
576.7121938,576.7121938,10,T-Mobile
513.8130202,513.8130202,10,T-Mobile
503.3240401,503.3240401,10,T-Mobile
482.3396701,482.3396701,10,T-Mobile
566.2383976,566.2383976,10,T-Mobile
503.2732237,503.2732237,10,T-Mobile
555.7680709,555.7680709,10,T-Mobile
608.191118,608.191118,10,T-Mobile
492.7839007,492.7839007,10,T-Mobile
597.7397313,597.7397313,10,T-Mobile
524.2644386,524.2644386,10,T-Mobile
555.7486256,555.7486256,10,T-Mobile
482.3570066,482.3570066,10,T-Mobile
513.8068644,513.8068644,10,T-Mobile
524.2885313,524.2885313,10,T-Mobile
545.2715128,545.2715128,10,T-Mobile
513.7637166,513.7637166,10,T-Mobile
461.40713,461.40713,10,T-Mobile
492.8203802,492.8203802,10,T-Mobile
545.2398907,545.2398907,10,T-Mobile
419.4576768,419.4576768,10,T-Mobile
492.8174429,492.8174429,10,T-Mobile
492.8381226,492.8381226,10,T-Mobile
503.319,503.319,10,T-Mobile
566.2208477,566.2208477,10,T-Mobile
461.3831202,461.3831202,10,T-Mobile
429.911855,429.911855,10,T-Mobile
524.2696256,524.2696256,10,T-Mobile
545.2600725,545.2600725,10,T-Mobile
566.2225351,566.2225351,10,T-Mobile
524.260189,524.260189,10,T-Mobile
765.5025942,765.5025942,10,T-Mobile
532.5198856,532.5198856,10,T-Mobile
61.63722521,61.63722521,10,T-Mobile
95.54351183,95.54351183,10,T-Mobile
127.55232,127.55232,10,T-Mobile
196.0072269,196.0072269,10,T-Mobile
272.3422841,272.3422841,10,T-Mobile
307.3056883,307.3056883,10,T-Mobile
403.7729301,403.7729301,10,T-Mobile
510.8250985,510.8250985,10,T-Mobile
461.3595804,461.3595804,10,T-Mobile
671.0912,671.0912,10,T-Mobile
629.1607504,629.1607504,10,T-Mobile
744.4539941,744.4539941,10,T-Mobile
492.8543386,492.8543386,10,T-Mobile
659.8435014,659.8435014,10,T-Mobile
671.8491809,671.8491809,10,T-Mobile
608.1636402,608.1636402,10,T-Mobile
587.2113801,587.2113801,10,T-Mobile
629.1525001,629.1525001,10,T-Mobile
754.97778,754.97778,10,T-Mobile
744.494995,744.494995,10,T-Mobile
681.5716375,681.5716375,10,T-Mobile
733.9907752,733.9907752,10,T-Mobile
786.4256251,786.4256251,10,T-Mobile
765.46194,765.46194,10,T-Mobile
775.974176,775.974176,10,T-Mobile
713.0218201,713.0218201,10,T-Mobile
681.5791125,681.5791125,10,T-Mobile
629.14935,629.14935,10,T-Mobile
660.5983125,660.5983125,10,T-Mobile
681.5722875,681.5722875,10,T-Mobile
660.5995725,660.5995725,10,T-Mobile
513.7822733,513.7822733,10,T-Mobile
513.8402178,513.8402178,10,T-Mobile
419.3851049,419.3851049,10,T-Mobile
608.2380317,608.2380317,10,T-Mobile
503.2958408,503.2958408,10,T-Mobile
555.7397151,555.7397151,10,T-Mobile
387.9839428,387.9839428,10,T-Mobile
398.4748406,398.4748406,10,T-Mobile
408.9274807,408.9274807,10,T-Mobile
346.0127559,346.0127559,10,T-Mobile
471.8695502,471.8695502,10,T-Mobile
471.8710128,471.8710128,10,T-Mobile
492.8322475,492.8322475,10,T-Mobile
482.3445,482.3445,10,T-Mobile
671.09328,671.09328,10,T-Mobile
671.08864,671.08864,10,T-Mobile
671.0590413,671.0590413,10,T-Mobile
702.5797566,702.5797566,10,T-Mobile
629.1379501,629.1379501,10,T-Mobile
681.5690375,681.5690375,10,T-Mobile
660.6074475,660.6074475,10,T-Mobile
671.0491223,671.0491223,10,T-Mobile
838.9202042,838.9202042,10,T-Mobile
744.4362462,744.4362462,10,T-Mobile
765.5400583,765.5400583,10,T-Mobile
671.0134484,671.0134484,10,T-Mobile
744.5157635,744.5157635,10,T-Mobile
803.7277572,803.7277572,10,T-Mobile
90.93390824,90.93390824,10,T-Mobile
163.4983255,163.4983255,10,T-Mobile
210.1021354,210.1021354,10,T-Mobile
315.4389588,315.4389588,10,T-Mobile
417.400966,417.400966,10,T-Mobile
457.2954345,457.2954345,10,T-Mobile
615.5374817,615.5374817,10,T-Mobile
717.586097,717.586097,10,T-Mobile
702.7571646,702.7571646,10,T-Mobile
700.8098588,700.8098588,10,T-Mobile
738.6378223,738.6378223,10,T-Mobile
741.0993295,741.0993295,10,T-Mobile
915.7862955,915.7862955,10,T-Mobile
764.4202884,764.4202884,10,T-Mobile
672.9171775,672.9171775,10,T-Mobile
645.200228,645.200228,10,T-Mobile
743.9566322,743.9566322,10,T-Mobile
828.3675351,828.3675351,10,T-Mobile
733.9841255,733.9841255,10,T-Mobile
650.1275052,650.1275052,10,T-Mobile
650.0937158,650.0937158,10,T-Mobile
660.633909,660.633909,10,T-Mobile
712.9932621,712.9932621,10,T-Mobile
765.4842057,765.4842057,10,T-Mobile
786.472127,786.472127,10,T-Mobile
744.4523968,744.4523968,10,T-Mobile
754.974,754.974,10,T-Mobile
775.9788014,775.9788014,10,T-Mobile
806.8420033,806.8420033,10,T-Mobile
776.4710697,776.4710697,10,T-Mobile
859.82986,859.82986,10,T-Mobile
775.9292204,775.9292204,10,T-Mobile
859.8511804,859.8511804,10,T-Mobile
891.29045,891.29045,10,T-Mobile
838.8592,838.8592,10,T-Mobile
985.4791137,985.4791137,10,T-Mobile
859.9887635,859.9887635,10,T-Mobile
943.6920757,943.6920757,10,T-Mobile
964.7101604,964.7101604,10,T-Mobile
933.2212926,933.2212926,10,T-Mobile
775.9889774,775.9889774,10,T-Mobile
796.8945807,796.8945807,10,T-Mobile
912.282218,912.282218,10,T-Mobile
733.9701265,733.9701265,10,T-Mobile
744.5180711,744.5180711,10,T-Mobile
713.0209702,713.0209702,10,T-Mobile
734.0222755,734.0222755,10,T-Mobile
817.8688055,817.8688055,10,T-Mobile
828.37346,828.37346,10,T-Mobile
880.80279,880.80279,10,T-Mobile
733.9703015,733.9703015,10,T-Mobile
734.0369766,734.0369766,10,T-Mobile
702.5424025,702.5424025,10,T-Mobile
681.2459833,681.2459833,10,T-Mobile
692.3965935,692.3965935,10,T-Mobile
723.5088151,723.5088151,10,T-Mobile
765.494244,765.494244,10,T-Mobile
754.935482,754.935482,10,T-Mobile
828.37662,828.37662,10,T-Mobile
796.9369505,796.9369505,10,T-Mobile
694.7318846,694.7318846,10,T-Mobile
90.28908482,90.28908482,10,T-Mobile
163.4675884,163.4675884,10,T-Mobile
223.3960075,223.3960075,10,T-Mobile
301.3546771,301.3546771,10,T-Mobile
394.1712535,394.1712535,10,T-Mobile
449.4182806,449.4182806,10,T-Mobile
530.6792846,530.6792846,10,T-Mobile
622.0459865,622.0459865,10,T-Mobile
519.5215177,519.5215177,10,T-Mobile
598.7109224,598.7109224,10,T-Mobile
733.8827486,733.8827486,10,T-Mobile
882.5685791,882.5685791,10,T-Mobile
878.3009028,878.3009028,10,T-Mobile
615.6823985,615.6823985,10,T-Mobile
847.2616818,847.2616818,10,T-Mobile
821.4297662,821.4297662,10,T-Mobile
875.6139489,875.6139489,10,T-Mobile
895.8150297,895.8150297,10,T-Mobile
930.1738329,930.1738329,10,T-Mobile
729.6334387,729.6334387,10,T-Mobile
880.3817452,880.3817452,10,T-Mobile
730.0462152,730.0462152,10,T-Mobile
672.5499301,672.5499301,10,T-Mobile
664.0261154,664.0261154,10,T-Mobile
847.211352,847.211352,10,T-Mobile
597.2488787,597.2488787,10,T-Mobile
652.1526157,652.1526157,10,T-Mobile
792.7632094,792.7632094,10,T-Mobile
868.3219774,868.3219774,10,T-Mobile
539.8009769,539.8009769,10,T-Mobile
691.9496264,691.9496264,10,T-Mobile
749.8478967,749.8478967,10,T-Mobile
698.6545489,698.6545489,10,T-Mobile
780.083605,780.083605,10,T-Mobile
751.8327744,751.8327744,10,T-Mobile
832.56064,832.56064,10,T-Mobile
774.8014182,774.8014182,10,T-Mobile
682.9149984,682.9149984,10,T-Mobile
820.5118744,820.5118744,10,T-Mobile
828.9820989,828.9820989,10,T-Mobile
874.4569939,874.4569939,10,T-Mobile
948.8569166,948.8569166,10,T-Mobile
962.7862605,962.7862605,10,T-Mobile
809.9289048,809.9289048,10,T-Mobile
737.6549765,737.6549765,10,T-Mobile
750.4653488,750.4653488,10,T-Mobile
782.873469,782.873469,10,T-Mobile
883.6986025,883.6986025,10,T-Mobile
897.2903224,897.2903224,10,T-Mobile
939.483203,939.483203,10,T-Mobile
752.959541,752.959541,10,T-Mobile
731.951738,731.951738,10,T-Mobile
744.4051227,744.4051227,10,T-Mobile
810.2827283,810.2827283,10,T-Mobile
845.6656183,845.6656183,10,T-Mobile
776.332418,776.332418,10,T-Mobile
748.3510205,748.3510205,10,T-Mobile
704.4323077,704.4323077,10,T-Mobile
800.853977,800.853977,10,T-Mobile
782.603285,782.603285,10,T-Mobile
655.1428542,655.1428542,10,T-Mobile
132.3888649,132.3888649,10,T-Mobile
256.3162533,256.3162533,10,T-Mobile
374.4690086,374.4690086,10,T-Mobile
558.4900854,558.4900854,10,T-Mobile
702.1394616,702.1394616,10,T-Mobile
872.0809786,872.0809786,10,T-Mobile
933.23353,933.23353,10,T-Mobile
912.26112,912.26112,10,T-Mobile
702.54793,702.54793,10,T-Mobile
849.1912709,849.1912709,10,T-Mobile
786.5837168,786.5837168,10,T-Mobile
733.998825,733.998825,10,T-Mobile
870.3085351,870.3085351,10,T-Mobile
807.4123751,807.4123751,10,T-Mobile
891.2806751,891.2806751,10,T-Mobile
828.3916303,828.3916303,10,T-Mobile
692.0532301,692.0532301,10,T-Mobile
922.6980426,922.6980426,10,T-Mobile
859.873527,859.873527,10,T-Mobile
765.465955,765.465955,10,T-Mobile
828.3136221,828.3136221,10,T-Mobile
817.9366677,817.9366677,10,T-Mobile
817.9048803,817.9048803,10,T-Mobile
513.7924402,513.7924402,10,T-Mobile
503.3044803,503.3044803,10,T-Mobile
817.9228214,817.9228214,10,T-Mobile
859.8142804,859.8142804,10,T-Mobile
723.5303777,723.5303777,10,T-Mobile
377.4802501,377.4802501,10,T-Mobile
188.6619504,188.6619504,10,T-Mobile
136.3653387,136.3653387,10,T-Mobile
62.91456,62.91456,10,T-Mobile
83.87124262,83.87124262,10,T-Mobile
62.91072023,62.91072023,10,T-Mobile
94.38815532,94.38815532,10,T-Mobile
73.38410108,73.38410108,10,T-Mobile
75.95257973,75.95257973,10,T-Mobile
147.0738445,147.0738445,10,T-Mobile
168.7725721,168.7725721,10,T-Mobile
216.1651922,216.1651922,10,T-Mobile
369.9778196,369.9778196,10,T-Mobile
510.9265692,510.9265692,10,T-Mobile
488.9912799,488.9912799,10,T-Mobile
568.4026109,568.4026109,10,T-Mobile
538.6282818,538.6282818,10,T-Mobile
511.2980727,511.2980727,10,T-Mobile
552.3550142,552.3550142,10,T-Mobile
502.664141,502.664141,10,T-Mobile
534.778095,534.778095,10,T-Mobile
574.8731865,574.8731865,10,T-Mobile
554.8610778,554.8610778,10,T-Mobile
859.1766509,859.1766509,10,T-Mobile
920.7021834,920.7021834,10,T-Mobile
816.4717227,816.4717227,10,T-Mobile
838.0398003,838.0398003,10,T-Mobile
868.4503898,868.4503898,10,T-Mobile
869.0465888,869.0465888,10,T-Mobile
805.6945893,805.6945893,10,T-Mobile
847.9212606,847.9212606,10,T-Mobile
921.8721537,921.8721537,10,T-Mobile
879.1940617,879.1940617,10,T-Mobile
815.8550154,815.8550154,10,T-Mobile
723.51606,723.51606,10,T-Mobile
722.5182259,722.5182259,10,T-Mobile
784.2180237,784.2180237,10,T-Mobile
816.0529409,816.0529409,10,T-Mobile
838.5775708,838.5775708,10,T-Mobile
817.7984201,817.7984201,10,T-Mobile
828.3693125,828.3693125,10,T-Mobile
870.2946331,870.2946331,10,T-Mobile
880.8408016,880.8408016,10,T-Mobile
891.283225,891.283225,10,T-Mobile
901.779875,901.779875,10,T-Mobile
901.7628902,901.7628902,10,T-Mobile
838.8758003,838.8758003,10,T-Mobile
954.20416,954.20416,10,T-Mobile
859.8573307,859.8573307,10,T-Mobile
870.2946331,870.2946331,10,T-Mobile
901.7517106,901.7517106,10,T-Mobile
817.9081954,817.9081954,10,T-Mobile
880.80657,880.80657,10,T-Mobile
796.91681,796.91681,10,T-Mobile
796.91624,796.91624,10,T-Mobile
849.34818,849.34818,10,T-Mobile
838.8408005,838.8408005,10,T-Mobile
817.8670506,817.8670506,10,T-Mobile
807.4682052,807.4682052,10,T-Mobile
870.2938032,870.2938032,10,T-Mobile
817.88343,817.88343,10,T-Mobile
744.4733403,744.4733403,10,T-Mobile
765.4727077,765.4727077,10,T-Mobile
817.8769952,817.8769952,10,T-Mobile
765.479643,765.479643,10,T-Mobile
775.947905,775.947905,10,T-Mobile
786.4374375,786.4374375,10,T-Mobile
775.9377301,775.9377301,10,T-Mobile
938.9690475,938.9690475,10,T-Mobile
69.6203002,69.6203002,10,T-Mobile
112.3366782,112.3366782,10,T-Mobile
171.8792901,171.8792901,10,T-Mobile
269.527284,269.527284,10,T-Mobile
339.7121168,339.7121168,10,T-Mobile
456.4472447,456.4472447,10,T-Mobile
527.89888,527.89888,10,T-Mobile
526.0716366,526.0716366,10,T-Mobile
466.5046947,466.5046947,10,T-Mobile
557.0785087,557.0785087,10,T-Mobile
517.5979064,517.5979064,10,T-Mobile
571.0132491,571.0132491,10,T-Mobile
543.1416467,543.1416467,10,T-Mobile
517.098153,517.098153,10,T-Mobile
541.5415848,541.5415848,10,T-Mobile
549.5426571,549.5426571,10,T-Mobile
476.14784,476.14784,10,T-Mobile
506.1140446,506.1140446,10,T-Mobile
650.8283749,650.8283749,10,T-Mobile
636.89557,636.89557,10,T-Mobile
614.9133915,614.9133915,10,T-Mobile
584.4511279,584.4511279,10,T-Mobile
554.4734888,554.4734888,10,T-Mobile
579.5349086,579.5349086,10,T-Mobile
627.3784067,627.3784067,10,T-Mobile
668.83136,668.83136,10,T-Mobile
555.9415194,555.9415194,10,T-Mobile
566.92864,566.92864,10,T-Mobile
572.0010749,572.0010749,10,T-Mobile
598.2469469,598.2469469,10,T-Mobile
562.356126,562.356126,10,T-Mobile
556.2885896,556.2885896,10,T-Mobile
489.9918239,489.9918239,10,T-Mobile
597.2007389,597.2007389,10,T-Mobile
565.0506359,565.0506359,10,T-Mobile
514.8658999,514.8658999,10,T-Mobile
566.2446753,566.2446753,10,T-Mobile
545.2878615,545.2878615,10,T-Mobile
545.2426205,545.2426205,10,T-Mobile
471.8662876,471.8662876,10,T-Mobile
534.7427793,534.7427793,10,T-Mobile
576.7392134,576.7392134,10,T-Mobile
545.2525001,545.2525001,10,T-Mobile
534.7812826,534.7812826,10,T-Mobile
482.34059,482.34059,10,T-Mobile
482.3377151,482.3377151,10,T-Mobile
524.2675008,524.2675008,10,T-Mobile
513.8408304,513.8408304,10,T-Mobile
492.8169729,492.8169729,10,T-Mobile
524.3021254,524.3021254,10,T-Mobile
524.2727504,524.2727504,10,T-Mobile
587.2172604,587.2172604,10,T-Mobile
534.7710825,534.7710825,10,T-Mobile
513.8212282,513.8212282,10,T-Mobile
513.8053025,513.8053025,10,T-Mobile
555.7224909,555.7224909,10,T-Mobile
566.2186203,566.2186203,10,T-Mobile
503.3230801,503.3230801,10,T-Mobile
524.290625,524.290625,10,T-Mobile
555.74687,555.74687,10,T-Mobile
690.8076296,690.8076296,10,T-Mobile