67.3798036,100,10,Verizon
110.6369444,100,10,Verizon
167.77016,100,10,Verizon
272.63249,100,10,Verizon
272.6177355,100,10,Verizon
220.2128781,100,10,Verizon
199.2266375,100,10,Verizon
209.71395,100,10,Verizon
188.74161,100,10,Verizon
188.7338705,100,10,Verizon
178.2698633,100,10,Verizon
241.1710425,100,10,Verizon
262.1455625,100,10,Verizon
283.11633,100,10,Verizon
283.118085,100,10,Verizon
293.60044,100,10,Verizon
283.1197051,100,10,Verizon
283.11471,100,10,Verizon
283.1143725,100,10,Verizon
241.1739175,100,10,Verizon
262.1377501,100,10,Verizon
262.124064,100,10,Verizon
220.2135082,100,10,Verizon
241.183348,100,10,Verizon
251.6496603,100,10,Verizon
220.202955,100,10,Verizon
188.7435,100,10,Verizon
262.1505002,100,10,Verizon
272.62976,100,10,Verizon
251.65674,100,10,Verizon
209.7051505,100,10,Verizon
251.6688004,100,10,Verizon
262.1358753,100,10,Verizon
230.6777553,100,10,Verizon
220.2077852,100,10,Verizon
220.2062101,100,10,Verizon
262.1455625,100,10,Verizon
188.7322057,100,10,Verizon
230.7000858,100,10,Verizon
241.1666726,100,10,Verizon
241.1780576,100,10,Verizon
251.65896,100,10,Verizon
230.685345,100,10,Verizon
199.2306275,100,10,Verizon
241.0770103,100,10,Verizon
188.8037291,100,10,Verizon
220.2221195,100,10,Verizon
230.6709911,100,10,Verizon
293.6159807,100,10,Verizon
209.7154,100,10,Verizon
304.08704,100,10,Verizon
272.62651,100,10,Verizon
230.68628,100,10,Verizon
272.6389903,100,10,Verizon
199.227445,100,10,Verizon
284.7601583,100,10,Verizon
60.0181917,100,10,Verizon
149.4539862,100,10,Verizon
304.0797902,100,10,Verizon
387.9843128,100,10,Verizon
471.85785,100,10,Verizon
398.45527,100,10,Verizon
461.3789401,100,10,Verizon
377.48853,100,10,Verizon
450.8849925,100,10,Verizon
461.37069,100,10,Verizon
419.4354001,100,10,Verizon
482.343465,100,10,Verizon
450.8895075,100,10,Verizon
408.9254334,100,10,Verizon
408.9462975,100,10,Verizon
461.3812501,100,10,Verizon
482.3574953,100,10,Verizon
450.88811,100,10,Verizon
450.88725,100,10,Verizon
419.4308,100,10,Verizon
367.0016,100,10,Verizon
377.4311184,100,10,Verizon
346.082723,100,10,Verizon
440.39751,100,10,Verizon
461.3604604,100,10,Verizon
461.3877404,100,10,Verizon
482.345535,100,10,Verizon
419.4295,100,10,Verizon
440.40192,100,10,Verizon
398.456885,100,10,Verizon
461.37113,100,10,Verizon
398.4648651,100,10,Verizon
461.37487,100,10,Verizon
450.8867125,100,10,Verizon
408.94347,100,10,Verizon
482.342085,100,10,Verizon
471.8568375,100,10,Verizon
429.91698,100,10,Verizon
398.460875,100,10,Verizon
450.891335,100,10,Verizon
471.854475,100,10,Verizon
461.37201,100,10,Verizon
482.3357602,100,10,Verizon
387.9840353,100,10,Verizon
450.8763928,100,10,Verizon
450.88725,100,10,Verizon
408.9564378,100,10,Verizon
408.94464,100,10,Verizon
450.88768,100,10,Verizon
482.345535,100,10,Verizon
387.97386,100,10,Verizon
419.4287,100,10,Verizon
450.88811,100,10,Verizon
408.9304055,100,10,Verizon
440.405805,100,10,Verizon
440.403285,100,10,Verizon
398.456885,100,10,Verizon
455.6325526,100,10,Verizon
63.62884365,100,10,Verizon
125.8316401,100,10,Verizon
220.2057901,100,10,Verizon
283.118895,100,10,Verizon
272.6251451,100,10,Verizon
251.66154,100,10,Verizon
220.1873108,100,10,Verizon
157.2893626,100,10,Verizon
272.6390553,100,10,Verizon
283.112415,100,10,Verizon
304.0882,100,10,Verizon
293.5975,100,10,Verizon
283.11606,100,10,Verizon
304.0955952,100,10,Verizon
262.127751,100,10,Verizon
251.6562,100,10,Verizon
157.216606,100,10,Verizon
115.398634,100,10,Verizon
104.8669258,100,10,Verizon
136.3116301,100,10,Verizon
136.3144575,100,10,Verizon
157.2895501,100,10,Verizon
146.79903,100,10,Verizon
146.798295,100,10,Verizon
146.7965101,100,10,Verizon
157.2924002,100,10,Verizon
157.2860625,100,10,Verizon
157.2870375,100,10,Verizon
157.28655,100,10,Verizon
157.288125,100,10,Verizon
157.287675,100,10,Verizon
157.2854625,100,10,Verizon
167.7684401,100,10,Verizon
167.77452,100,10,Verizon
188.74332,100,10,Verizon
188.74179,100,10,Verizon
199.2311975,100,10,Verizon
220.2016425,100,10,Verizon
251.6491803,100,10,Verizon
272.6412005,100,10,Verizon
283.112955,100,10,Verizon
262.1479376,100,10,Verizon
304.0824726,100,10,Verizon
272.548859,100,10,Verizon
241.2267722,100,10,Verizon
220.2205442,100,10,Verizon
209.71455,100,10,Verizon
262.1353753,100,10,Verizon
209.7001011,100,10,Verizon
251.6733009,100,10,Verizon
251.6655602,100,10,Verizon
251.6529601,100,10,Verizon
251.6625001,100,10,Verizon
283.11498,100,10,Verizon
220.2002775,100,10,Verizon
251.66076,100,10,Verizon
229.7216204,100,10,Verizon
51.02329649,100,10,Verizon
71.3258541,100,10,Verizon
135.0867343,100,10,Verizon
230.6781403,100,10,Verizon
283.1260504,100,10,Verizon
188.7374252,100,10,Verizon
220.1924028,100,10,Verizon
209.7212502,100,10,Verizon
230.6945853,100,10,Verizon
209.7173,100,10,Verizon
199.2216503,100,10,Verizon
220.2097804,100,10,Verizon
188.7250068,100,10,Verizon
199.1925868,100,10,Verizon
209.7529568,100,10,Verizon
220.149627,100,10,Verizon
220.2683906,100,10,Verizon
188.7435,100,10,Verizon
157.2915752,100,10,Verizon
209.7036506,100,10,Verizon
220.2108829,100,10,Verizon
220.198755,100,10,Verizon
220.202955,100,10,Verizon
220.1961301,100,10,Verizon
188.7480001,100,10,Verizon
188.7336905,100,10,Verizon
220.2018525,100,10,Verizon
199.2371828,100,10,Verizon
199.2318625,100,10,Verizon
272.6182555,100,10,Verizon
304.0940727,100,10,Verizon
209.7154,100,10,Verizon
272.630865,100,10,Verizon
251.65518,100,10,Verizon
293.60366,100,10,Verizon
283.1107276,100,10,Verizon
251.66022,100,10,Verizon
220.1992275,100,10,Verizon
220.2079952,100,10,Verizon
209.7116501,100,10,Verizon
199.2288225,100,10,Verizon
188.740845,100,10,Verizon
188.7325657,100,10,Verizon
209.7328015,100,10,Verizon
199.227065,100,10,Verizon
209.7219002,100,10,Verizon
230.68485,100,10,Verizon
209.71395,100,10,Verizon
199.2169008,100,10,Verizon
220.2022725,100,10,Verizon
220.2086778,100,10,Verizon
188.74161,100,10,Verizon
188.7293261,100,10,Verizon
209.7397529,100,10,Verizon
199.2172807,100,10,Verizon
220.2130882,100,10,Verizon
291.8028435,100,10,Verizon
52.61145394,100,10,Verizon
149.3196273,100,10,Verizon
346.0366801,100,10,Verizon
377.4741305,100,10,Verizon
461.3914807,100,10,Verizon
429.9135975,100,10,Verizon
387.9726575,100,10,Verizon
471.7950837,100,10,Verizon
503.3818885,100,10,Verizon
461.3563906,100,10,Verizon
471.8809135,100,10,Verizon
429.9140075,100,10,Verizon
513.8038325,100,10,Verizon
387.9466668,100,10,Verizon
461.37718,100,10,Verizon
429.9385062,100,10,Verizon
450.88725,100,10,Verizon
398.4289572,100,10,Verizon
419.4627025,100,10,Verizon
429.9049878,100,10,Verizon
377.5005905,100,10,Verizon
419.4149006,100,10,Verizon
429.9303055,100,10,Verizon
408.94464,100,10,Verizon
419.4308,100,10,Verizon
440.3834408,100,10,Verizon
408.94425,100,10,Verizon
377.5032007,100,10,Verizon
408.9246535,100,10,Verizon
429.9389162,100,10,Verizon
251.65746,100,10,Verizon
157.2850125,100,10,Verizon
419.4295,100,10,Verizon
461.3799301,100,10,Verizon
492.83072,100,10,Verizon
419.4291,100,10,Verizon
429.9174925,100,10,Verizon
419.4312,100,10,Verizon
408.9414225,100,10,Verizon
398.4465304,100,10,Verizon
408.94503,100,10,Verizon
461.3896106,100,10,Verizon
450.8732755,100,10,Verizon
471.8657251,100,10,Verizon
398.4644851,100,10,Verizon
429.91657,100,10,Verizon
429.9170825,100,10,Verizon
419.4161005,100,10,Verizon
419.4367001,100,10,Verizon
377.4968102,100,10,Verizon
387.969975,100,10,Verizon
408.9278707,100,10,Verizon
440.3755666,100,10,Verizon
461.4195346,100,10,Verizon
377.4787202,100,10,Verizon
419.4413003,100,10,Verizon
408.9335253,100,10,Verizon
387.9610954,100,10,Verizon
471.885639,100,10,Verizon
428.1792735,100,10,Verizon
62.60443639,100,10,Verizon
128.7228018,100,10,Verizon
272.63301,100,10,Verizon
440.404125,100,10,Verizon
429.9041678,100,10,Verizon
461.3877404,100,10,Verizon
450.8858525,100,10,Verizon
398.4501402,100,10,Verizon
408.9528302,100,10,Verizon
429.9110351,100,10,Verizon
398.4636301,100,10,Verizon
398.45888,100,10,Verizon
419.4283,100,10,Verizon
377.48997,100,10,Verizon
461.37157,100,10,Verizon
482.345995,100,10,Verizon
419.3478163,100,10,Verizon
377.5591036,100,10,Verizon
408.94659,100,10,Verizon
450.88768,100,10,Verizon
482.1001343,100,10,Verizon
409.1512493,100,10,Verizon
513.80322,100,10,Verizon
440.3882704,100,10,Verizon
408.949125,100,10,Verizon
461.3826802,100,10,Verizon
408.9459075,100,10,Verizon
419.4291,100,10,Verizon
482.3363352,100,10,Verizon
419.4388002,100,10,Verizon
440.3917352,100,10,Verizon
482.3546202,100,10,Verizon
503.319,100,10,Verizon
450.8862825,100,10,Verizon
461.37443,100,10,Verizon
471.85965,100,10,Verizon
482.3328853,100,10,Verizon
440.4121052,100,10,Verizon
461.3623303,100,10,Verizon
440.4129453,100,10,Verizon
419.401402,100,10,Verizon
429.9476298,100,10,Verizon
450.8854225,100,10,Verizon
440.3899503,100,10,Verizon
450.9016554,100,10,Verizon
429.91452,100,10,Verizon
492.8326,100,10,Verizon
387.97238,100,10,Verizon
461.37388,100,10,Verizon
429.9114451,100,10,Verizon
419.1617722,100,10,Verizon
388.2121947,100,10,Verizon
461.3900506,100,10,Verizon
419.4283,100,10,Verizon
408.947565,100,10,Verizon
408.942105,100,10,Verizon
461.37487,100,10,Verizon
481.8058218,100,10,Verizon
50.18672538,100,10,Verizon
52.90625284,100,10,Verizon
57.94472358,100,10,Verizon
69.20038554,100,10,Verizon
83.08848985,100,10,Verizon
73.40200879,100,10,Verizon
73.39562155,100,10,Verizon
115.3573179,100,10,Verizon
167.77082,100,10,Verizon
167.7642804,100,10,Verizon
167.7817205,100,10,Verizon
146.7922755,100,10,Verizon
167.7666202,100,10,Verizon
178.2744965,100,10,Verizon
178.2509715,100,10,Verizon
157.2808877,100,10,Verizon
157.280269,100,10,Verizon
188.7578336,100,10,Verizon
178.2513327,100,10,Verizon
167.7825606,100,10,Verizon
167.753702,100,10,Verizon
188.757271,100,10,Verizon
157.2731824,100,10,Verizon
178.2835937,100,10,Verizon
157.2637533,100,10,Verizon
167.785411,100,10,Verizon
199.2380022,100,10,Verizon
178.2604169,100,10,Verizon
167.7508627,100,10,Verizon
167.7917923,100,10,Verizon
167.7662802,100,10,Verizon
157.2609229,100,10,Verizon
157.3011858,100,10,Verizon
188.7576535,100,10,Verizon
178.2589931,100,10,Verizon
157.2865594,100,10,Verizon
188.7497214,100,10,Verizon
178.2522252,100,10,Verizon
170.625303,100,10,Verizon
55.36825806,100,10,Verizon
64.80544252,100,10,Verizon
83.88918511,100,10,Verizon
146.8065115,100,10,Verizon
178.2534576,100,10,Verizon
241.1816516,100,10,Verizon
209.7118501,100,10,Verizon
178.2491867,100,10,Verizon
178.2620213,100,10,Verizon
209.7093252,100,10,Verizon
188.7602865,100,10,Verizon
199.2212703,100,10,Verizon
188.740665,100,10,Verizon
188.7483939,100,10,Verizon
199.215096,100,10,Verizon
199.2433822,100,10,Verizon
199.2268513,100,10,Verizon
178.2477631,100,10,Verizon
209.7173,100,10,Verizon
209.7170875,100,10,Verizon
209.7078503,100,10,Verizon
188.7499127,100,10,Verizon
209.7219127,100,10,Verizon
188.7070796,100,10,Verizon
230.7238647,100,10,Verizon
199.2374084,100,10,Verizon
188.7363228,100,10,Verizon
188.7410475,100,10,Verizon
178.262372,100,10,Verizon
188.7351979,100,10,Verizon
209.7233753,100,10,Verizon
178.2634452,100,10,Verizon
167.7780302,100,10,Verizon
178.2443635,100,10,Verizon
188.7591613,100,10,Verizon
199.2262576,100,10,Verizon
188.7382127,100,10,Verizon
188.7412275,100,10,Verizon
199.2352233,100,10,Verizon
209.7131,100,10,Verizon
188.742735,100,10,Verizon
199.2296419,100,10,Verizon
188.7338705,100,10,Verizon
209.7277883,100,10,Verizon
209.714575,100,10,Verizon
209.7164625,100,10,Verizon
188.7306534,100,10,Verizon
188.7463238,100,10,Verizon
220.2020625,100,10,Verizon
209.713725,100,10,Verizon
209.716875,100,10,Verizon
188.7474601,100,10,Verizon
209.8404796,100,10,Verizon
63.63623147,100,10,Verizon
92.2649042,100,10,Verizon
125.8375506,100,10,Verizon
157.2753945,100,10,Verizon
178.25792,100,10,Verizon
188.7476401,100,10,Verizon
188.7476401,100,10,Verizon
199.2186818,100,10,Verizon
230.694104,100,10,Verizon
188.74179,100,10,Verizon
178.2595244,100,10,Verizon
157.2801003,100,10,Verizon
157.284825,100,10,Verizon
188.7621768,100,10,Verizon
178.2484643,100,10,Verizon
209.714575,100,10,Verizon
209.713725,100,10,Verizon
209.7166625,100,10,Verizon
209.71395,100,10,Verizon
188.7363228,100,10,Verizon
209.7265256,100,10,Verizon
209.716875,100,10,Verizon
157.2747571,100,10,Verizon
230.7070168,100,10,Verizon
157.2694143,100,10,Verizon
209.7353394,100,10,Verizon
188.7282013,100,10,Verizon
209.735752,100,10,Verizon
178.2564963,100,10,Verizon
209.7103751,100,10,Verizon
157.2772693,100,10,Verizon
209.729676,100,10,Verizon
188.7367053,100,10,Verizon
178.2568575,100,10,Verizon
209.7282008,100,10,Verizon
209.7089002,100,10,Verizon
199.2208666,100,10,Verizon
220.2119724,100,10,Verizon
220.2005138,100,10,Verizon
220.2113161,100,10,Verizon
188.734253,100,10,Verizon
209.7206501,100,10,Verizon
199.2115104,100,10,Verizon
220.2069058,100,10,Verizon
220.2075621,100,10,Verizon
199.2336201,100,10,Verizon
209.7082752,100,10,Verizon
220.2168161,100,10,Verizon
199.2232652,100,10,Verizon
220.2035982,100,10,Verizon
188.7391576,100,10,Verizon
199.212104,100,10,Verizon
253.0681891,100,10,Verizon
62.60606342,100,10,Verizon
90.70945519,100,10,Verizon
94.36947756,100,10,Verizon
157.2922221,100,10,Verizon
220.1989913,100,10,Verizon
209.7112251,100,10,Verizon
178.2695126,100,10,Verizon
188.7387751,100,10,Verizon
188.752928,100,10,Verizon
199.2200829,100,10,Verizon
178.2611288,100,10,Verizon
188.7506665,100,10,Verizon
178.2383084,100,10,Verizon
157.2915939,100,10,Verizon
209.7303011,100,10,Verizon
188.7372677,100,10,Verizon
188.7380102,100,10,Verizon
178.2566663,100,10,Verizon
157.2860813,100,10,Verizon
157.2831001,100,10,Verizon
209.7332391,100,10,Verizon
167.7669602,100,10,Verizon
178.2415165,100,10,Verizon
157.287975,100,10,Verizon
178.2680781,100,10,Verizon
188.7449963,100,10,Verizon
188.74557,100,10,Verizon
199.2242626,100,10,Verizon
167.7807204,100,10,Verizon
178.2456171,100,10,Verizon
209.7288384,100,10,Verizon
157.2815252,100,10,Verizon
209.7187626,100,10,Verizon
209.7214877,100,10,Verizon
178.2392007,100,10,Verizon
188.7563258,100,10,Verizon
199.2382041,100,10,Verizon
188.7334881,100,10,Verizon
146.8076841,100,10,Verizon
157.2522824,100,10,Verizon
209.7468673,100,10,Verizon
188.744625,100,10,Verizon
188.7401026,100,10,Verizon
167.7820606,100,10,Verizon
178.2520339,100,10,Verizon
167.77283,100,10,Verizon
199.2248564,100,10,Verizon
188.7514203,100,10,Verizon
178.2545413,100,10,Verizon
188.7508578,100,10,Verizon
199.2256638,100,10,Verizon
247.4065894,100,10,Verizon
58.98251635,100,10,Verizon
104.8620064,100,10,Verizon
157.2874969,100,10,Verizon
209.7055504,100,10,Verizon
178.2575588,100,10,Verizon
167.7793703,100,10,Verizon
146.798435,100,10,Verizon
167.7763501,100,10,Verizon
157.2852938,100,10,Verizon
167.77148,100,10,Verizon
157.2832501,100,10,Verizon
178.2630945,100,10,Verizon
178.2525652,100,10,Verizon
146.7934479,100,10,Verizon
178.2748579,100,10,Verizon
167.7684601,100,10,Verizon
167.7755201,100,10,Verizon
167.7693,100,10,Verizon
157.277438,100,10,Verizon
157.2827813,100,10,Verizon
188.7557633,100,10,Verizon
178.2602363,100,10,Verizon
157.2753945,100,10,Verizon
157.2886032,100,10,Verizon
157.2807377,100,10,Verizon
188.7578336,100,10,Verizon
178.2523952,100,10,Verizon
157.2843563,100,10,Verizon
188.7550094,100,10,Verizon
178.2573888,100,10,Verizon
178.2582813,100,10,Verizon
167.7597409,100,10,Verizon
157.2860813,100,10,Verizon
178.2497179,100,10,Verizon
178.2823396,100,10,Verizon
167.7657802,100,10,Verizon
157.2812064,100,10,Verizon
178.26862,100,10,Verizon
199.2296419,100,10,Verizon
220.198545,100,10,Verizon
188.7431175,100,10,Verizon
220.1928228,100,10,Verizon
188.7500927,100,10,Verizon
220.2042675,100,10,Verizon
188.7348154,100,10,Verizon
220.2073521,100,10,Verizon
188.7363228,100,10,Verizon
188.734253,100,10,Verizon
220.2203342,100,10,Verizon
220.2035982,100,10,Verizon
188.7315983,100,10,Verizon
220.2042675,100,10,Verizon
210.5955283,100,10,Verizon
59.52741121,100,10,Verizon
72.24183071,100,10,Verizon
125.8395684,100,10,Verizon
167.7528622,100,10,Verizon
199.2523495,100,10,Verizon
178.2440236,100,10,Verizon
220.2082315,100,10,Verizon
188.7380102,100,10,Verizon
220.2014063,100,10,Verizon
188.7476401,100,10,Verizon
209.7244254,100,10,Verizon
199.2071175,100,10,Verizon
220.2066826,100,10,Verizon
220.213075,100,10,Verizon
188.7176286,100,10,Verizon
220.2324514,100,10,Verizon
220.1994113,100,10,Verizon
157.2716076,100,10,Verizon
209.7378524,100,10,Verizon
167.7454842,100,10,Verizon
167.7990043,100,10,Verizon
199.2346176,100,10,Verizon
178.2397319,100,10,Verizon
209.725688,100,10,Verizon
209.7034507,100,10,Verizon
188.7538731,100,10,Verizon
241.1862233,100,10,Verizon
220.1998575,100,10,Verizon
188.7393376,100,10,Verizon
188.7321607,100,10,Verizon
220.2192446,100,10,Verizon
209.7022008,100,10,Verizon
220.1930328,100,10,Verizon
188.7497214,100,10,Verizon
188.716324,100,10,Verizon
188.7676568,100,10,Verizon
220.2163698,100,10,Verizon
157.2623474,100,10,Verizon
52.4378203,100,10,Verizon
136.2983882,100,10,Verizon
241.2002126,100,10,Verizon
167.7530422,100,10,Verizon
199.2399974,100,10,Verizon
220.2113161,100,10,Verizon
188.742555,100,10,Verizon
199.215096,100,10,Verizon
209.7300886,100,10,Verizon
157.2834188,100,10,Verizon
209.7181375,100,10,Verizon
209.715625,100,10,Verizon
209.7210752,100,10,Verizon
158.6879171,100,10,Verizon
54.48523526,100,10,Verizon
61.76275587,100,10,Verizon
83.8855,100,10,Verizon
94.3713675,100,10,Verizon
115.3453125,100,10,Verizon
146.80036,100,10,Verizon
220.2004875,100,10,Verizon
199.22887,100,10,Verizon
178.2489954,100,10,Verizon
188.7395401,100,10,Verizon
188.7357153,100,10,Verizon
220.2254277,100,10,Verizon
188.7267165,100,10,Verizon
220.2139283,100,10,Verizon
188.7498902,100,10,Verizon
188.7293711,100,10,Verizon
188.7349954,100,10,Verizon
220.2093078,100,10,Verizon
220.2170262,100,10,Verizon
220.1917204,100,10,Verizon
188.74593,100,10,Verizon
220.211093,100,10,Verizon
188.7169088,100,10,Verizon
220.2216469,100,10,Verizon
167.7609208,100,10,Verizon
220.2064726,100,10,Verizon
220.211723,100,10,Verizon
220.1994375,100,10,Verizon
188.7471001,100,10,Verizon
220.20096,100,10,Verizon
188.7192932,100,10,Verizon
220.2296287,100,10,Verizon
188.7140297,100,10,Verizon
220.2333573,100,10,Verizon
188.7219475,100,10,Verizon
220.2289461,100,10,Verizon
207.7854469,100,10,Verizon
52.50406663,100,10,Verizon
63.89926143,100,10,Verizon
94.2972282,100,10,Verizon
104.847426,100,10,Verizon
146.812821,100,10,Verizon
178.2600875,100,10,Verizon
209.7097501,100,10,Verizon
241.1794377,100,10,Verizon
230.684905,100,10,Verizon
230.6802302,100,10,Verizon
188.7329256,100,10,Verizon
220.2201242,100,10,Verizon
188.74314,100,10,Verizon
209.716,100,10,Verizon
199.2169008,100,10,Verizon
220.2124056,100,10,Verizon
220.2020625,100,10,Verizon
220.2038475,100,10,Verizon
188.7283812,100,10,Verizon
220.2048976,100,10,Verizon
220.2132982,100,10,Verizon
209.71375,100,10,Verizon
199.231245,100,10,Verizon
209.7154,100,10,Verizon
199.2286325,100,10,Verizon
209.71665,100,10,Verizon
167.7456842,100,10,Verizon
209.7458045,100,10,Verizon
199.22963,100,10,Verizon
188.7391801,100,10,Verizon
188.7340505,100,10,Verizon
209.7405531,100,10,Verizon
199.219893,100,10,Verizon
188.7391351,100,10,Verizon
220.2044776,100,10,Verizon
188.74179,100,10,Verizon
188.7374702,100,10,Verizon
209.7269507,100,10,Verizon
199.2178982,100,10,Verizon
220.2152409,100,10,Verizon
188.74314,100,10,Verizon
209.7233503,100,10,Verizon
199.2093495,100,10,Verizon
300.6541084,100,10,Verizon
135.6602343,100,10,Verizon
188.7282013,100,10,Verizon
188.74386,100,10,Verizon
220.2177088,100,10,Verizon
188.7399001,100,10,Verizon
188.7380102,100,10,Verizon
188.7400801,100,10,Verizon
220.2201242,100,10,Verizon
188.7351754,100,10,Verizon
188.7397201,100,10,Verizon
188.7499352,100,10,Verizon
188.74593,100,10,Verizon
188.7403051,100,10,Verizon
188.7385501,100,10,Verizon
188.7382352,100,10,Verizon
209.7334516,100,10,Verizon
199.2254501,100,10,Verizon
188.7370652,100,10,Verizon
188.730091,100,10,Verizon
220.2311516,100,10,Verizon
188.7312158,100,10,Verizon
188.7397201,100,10,Verizon
188.741205,100,10,Verizon
209.7351519,100,10,Verizon
199.2144786,100,10,Verizon
188.74611,100,10,Verizon
188.7384151,100,10,Verizon
209.7317513,100,10,Verizon
199.2252601,100,10,Verizon
188.740665,100,10,Verizon
188.7365253,100,10,Verizon
209.7334516,100,10,Verizon
199.2228377,100,10,Verizon
188.7395401,100,10,Verizon
188.7349954,100,10,Verizon
209.7372523,100,10,Verizon
199.2218403,100,10,Verizon
188.7393601,100,10,Verizon
188.7387751,100,10,Verizon
188.7363003,100,10,Verizon
220.2229597,100,10,Verizon
188.7380552,100,10,Verizon
188.7387751,100,10,Verizon
220.2161335,100,10,Verizon
188.7385951,100,10,Verizon
188.7381902,100,10,Verizon
188.7385951,100,10,Verizon
209.7340517,100,10,Verizon
199.2101094,100,10,Verizon
188.7478651,100,10,Verizon
188.744985,100,10,Verizon
220.2179188,100,10,Verizon
188.7357603,100,10,Verizon
188.7367053,100,10,Verizon
188.7385501,100,10,Verizon
209.735552,100,10,Verizon
199.2235027,100,10,Verizon
188.7404401,100,10,Verizon
222.963789,100,10,Verizon
125.82936,100,10,Verizon
178.2495479,100,10,Verizon
188.7348154,100,10,Verizon
220.2236423,100,10,Verizon
157.2722638,100,10,Verizon
188.3315718,100,10,Verizon
189.1598556,100,10,Verizon
220.2084153,100,10,Verizon
188.7474601,100,10,Verizon
188.7367053,100,10,Verizon
188.7391801,100,10,Verizon
220.2174462,100,10,Verizon
188.7387751,100,10,Verizon
220.2090978,100,10,Verizon
188.7344555,100,10,Verizon
178.2546901,100,10,Verizon
157.2957005,100,10,Verizon
136.3020437,100,10,Verizon
188.7556058,100,10,Verizon
178.2534576,100,10,Verizon
188.7549757,100,10,Verizon
157.2760507,100,10,Verizon
157.2829126,100,10,Verizon
209.7339017,100,10,Verizon
188.7393151,100,10,Verizon
188.7385951,100,10,Verizon
188.7346354,100,10,Verizon
209.7378524,100,10,Verizon
199.2194655,100,10,Verizon
188.7387751,100,10,Verizon
188.741025,100,10,Verizon
220.2192315,100,10,Verizon
188.7367053,100,10,Verizon
188.7353554,100,10,Verizon
188.74368,100,10,Verizon
188.74314,100,10,Verizon
188.7435,100,10,Verizon
188.746515,100,10,Verizon
188.74215,100,10,Verizon
220.2205442,100,10,Verizon
188.7368852,100,10,Verizon
188.7363453,100,10,Verizon
188.730271,100,10,Verizon
220.230679,100,10,Verizon
188.7387751,100,10,Verizon
188.7487651,100,10,Verizon
188.7250068,100,10,Verizon
188.7501152,100,10,Verizon
188.7393151,100,10,Verizon
220.2203342,100,10,Verizon
188.7376502,100,10,Verizon
188.7365253,100,10,Verizon
188.7385951,100,10,Verizon
220.2222771,100,10,Verizon
188.7327456,100,10,Verizon
188.742735,100,10,Verizon
188.7404851,100,10,Verizon
220.2161335,100,10,Verizon
195.1300658,100,10,Verizon
202.8594287,100,10,Verizon
539.2887198,100,10,Verizon
838.7451442,100,10,Verizon
817.2778244,100,10,Verizon
863.0650235,100,10,Verizon
903.7849702,100,10,Verizon
914.2110312,100,10,Verizon
877.332539,100,10,Verizon
862.5997008,100,10,Verizon
830.9330551,100,10,Verizon
912.3556035,100,10,Verizon
959.517756,100,10,Verizon
957.8939078,100,10,Verizon
1075.184509,100,10,Verizon
1131.045359,100,10,Verizon
1184.946865,100,10,Verizon
1211.829863,100,10,Verizon
1283.705708,100,10,Verizon
1252.810829,100,10,Verizon
1358.295218,100,10,Verizon
1331.740138,100,10,Verizon
1436.261522,100,10,Verizon
1443.184375,100,10,Verizon
1531.32638,100,10,Verizon
1513.115229,100,10,Verizon
1521.275478,100,10,Verizon
1594.056541,100,10,Verizon
1650.83068,100,10,Verizon
1738.720059,100,10,Verizon
1740.476601,100,10,Verizon
1833.856935,100,10,Verizon
1769.23802,100,10,Verizon
1690.757447,100,10,Verizon
1701.39769,100,10,Verizon
1772.232695,100,10,Verizon
1703.697651,100,10,Verizon
1647.50137,100,10,Verizon
1619.518291,100,10,Verizon
1735.445192,100,10,Verizon
1760.511643,100,10,Verizon
1740.747902,100,10,Verizon
1567.052948,100,10,Verizon
1596.583647,100,10,Verizon
1711.601511,100,10,Verizon
1544.727704,100,10,Verizon
1252.210562,100,10,Verizon
1415.610292,100,10,Verizon
1388.357392,100,10,Verizon
1464.927386,100,10,Verizon
1201.334145,100,10,Verizon
1211.221201,100,10,Verizon
1341.466555,100,10,Verizon
1370.883445,100,10,Verizon
1432.594659,100,10,Verizon
1439.711146,100,10,Verizon
1489.100392,100,10,Verizon
1436.91012,100,10,Verizon
1486.940037,100,10,Verizon
1553.162551,100,10,Verizon
1515.483065,100,10,Verizon
1590.370199,100,10,Verizon
551.7717904,100,10,Verizon
1307.969743,100,10,Verizon
1640.714519,100,10,Verizon
1714.975473,100,10,Verizon
1737.742544,100,10,Verizon
1701.333801,100,10,Verizon
1689.8501,100,10,Verizon
1753.267894,100,10,Verizon
1726.882453,100,10,Verizon
1805.065496,100,10,Verizon
1705.452422,100,10,Verizon
1780.518092,100,10,Verizon
1717.017407,100,10,Verizon
1649.712693,100,10,Verizon
1737.492224,100,10,Verizon
1720.488861,100,10,Verizon
1745.254632,100,10,Verizon
1688.528297,100,10,Verizon
1700.677223,100,10,Verizon
1695.633244,100,10,Verizon
1775.991216,100,10,Verizon
1553.948733,100,10,Verizon
1592.521134,100,10,Verizon
1674.04476,100,10,Verizon
1696.621264,100,10,Verizon
1750.780716,100,10,Verizon
1769.853683,100,10,Verizon
1731.667733,100,10,Verizon
1773.965406,100,10,Verizon
1822.669429,100,10,Verizon
1716.205162,100,10,Verizon
1769.977057,100,10,Verizon
1637.907721,100,10,Verizon
1746.817922,100,10,Verizon
1653.483569,100,10,Verizon
1728.25858,100,10,Verizon
1698.368457,100,10,Verizon
1754.856567,100,10,Verizon
1756.534391,100,10,Verizon
1589.219117,100,10,Verizon
1686.10885,100,10,Verizon
1679.537312,100,10,Verizon
1731.170914,100,10,Verizon
1825.073836,100,10,Verizon
1819.282734,100,10,Verizon
1817.479578,100,10,Verizon
1850.312372,100,10,Verizon
1871.480164,100,10,Verizon
1828.71197,100,10,Verizon
1782.481258,100,10,Verizon
1788.383884,100,10,Verizon
1672.669628,100,10,Verizon
1719.523861,100,10,Verizon
1680.089504,100,10,Verizon
1762.609314,100,10,Verizon
1830.096393,100,10,Verizon
1848.87094,100,10,Verizon
1822.826328,100,10,Verizon
1853.667241,100,10,Verizon
1808.793385,100,10,Verizon
1745.038064,100,10,Verizon
487.2391214,100,10,Verizon
1038.291205,100,10,Verizon
1192.078914,100,10,Verizon
1264.69578,100,10,Verizon
1252.017424,100,10,Verizon
1343.849435,100,10,Verizon
1362.327952,100,10,Verizon
1430.829967,100,10,Verizon
1274.231204,100,10,Verizon
1505.271304,100,10,Verizon
1641.638531,100,10,Verizon
1557.767201,100,10,Verizon
1357.428569,100,10,Verizon
1438.482808,100,10,Verizon
1574.12515,100,10,Verizon
1636.779557,100,10,Verizon
1616.119986,100,10,Verizon
1678.205045,100,10,Verizon
1608.763132,100,10,Verizon
1439.147185,100,10,Verizon
1432.201624,100,10,Verizon
1165.381704,100,10,Verizon
1208.243473,100,10,Verizon
1184.214988,100,10,Verizon
1263.21128,100,10,Verizon
1310.444446,100,10,Verizon
1256.267124,100,10,Verizon
1334.01615,100,10,Verizon
1327.671752,100,10,Verizon
1117.636087,100,10,Verizon
741.9120179,100,10,Verizon
1192.660305,100,10,Verizon
1355.793398,100,10,Verizon
1413.667687,100,10,Verizon
1522.72789,100,10,Verizon
1686.994688,100,10,Verizon
1691.644307,100,10,Verizon
1825.88226,100,10,Verizon
1795.662921,100,10,Verizon
1621.560968,100,10,Verizon
1485.039554,100,10,Verizon
1372.235484,100,10,Verizon
1582.955609,100,10,Verizon
1646.304371,100,10,Verizon
1650.255605,100,10,Verizon
1658.399922,100,10,Verizon
1677.835957,100,10,Verizon
1572.930467,100,10,Verizon
1597.120683,100,10,Verizon
1535.271764,100,10,Verizon
1467.608517,100,10,Verizon
1499.954798,100,10,Verizon
1500.698676,100,10,Verizon
1532.070605,100,10,Verizon
1641.509929,100,10,Verizon
1691.864502,100,10,Verizon
1757.946901,100,10,Verizon
1689.371754,100,10,Verizon
1727.512491,100,10,Verizon
1748.906751,100,10,Verizon
2060.893307,100,10,Verizon
90.74562047,100,10,Verizon
90.77351,100,10,Verizon
130.3497681,100,10,Verizon
135.9752916,100,10,Verizon
101.6392025,100,10,Verizon
162.7720981,100,10,Verizon
170.1696088,100,10,Verizon
208.2912322,100,10,Verizon
255.0931587,100,10,Verizon
288.6914717,100,10,Verizon
324.4582239,100,10,Verizon
360.7603044,100,10,Verizon
396.0839067,100,10,Verizon
412.1382917,100,10,Verizon
471.661703,100,10,Verizon
521.5952374,100,10,Verizon
614.66829,100,10,Verizon
661.0189537,100,10,Verizon
747.1811719,100,10,Verizon
892.865481,100,10,Verizon
921.2815737,100,10,Verizon
1029.252793,100,10,Verizon
1089.162643,100,10,Verizon
1168.471868,100,10,Verizon
1228.97461,100,10,Verizon
1318.537032,100,10,Verizon
1206.53277,100,10,Verizon
1550.915436,100,10,Verizon
1565.850934,100,10,Verizon
1623.393145,100,10,Verizon
1701.283212,100,10,Verizon
1717.303878,100,10,Verizon
1684.082976,100,10,Verizon
1787.152054,100,10,Verizon
1712.13189,100,10,Verizon
1764.560445,100,10,Verizon
1851.959864,100,10,Verizon
1836.81609,100,10,Verizon
1802.822631,100,10,Verizon
1818.225501,100,10,Verizon
1738.288716,100,10,Verizon
1786.864813,100,10,Verizon
1809.316255,100,10,Verizon
1824.596556,100,10,Verizon
1754.367326,100,10,Verizon
1451.208317,100,10,Verizon
1832.448152,100,10,Verizon
1613.75638,100,10,Verizon
1842.900972,100,10,Verizon
1846.737573,100,10,Verizon
1834.219232,100,10,Verizon
1813.786715,100,10,Verizon
1855.956544,100,10,Verizon
1842.639863,100,10,Verizon
1850.56417,100,10,Verizon
1807.875259,100,10,Verizon
1855.130882,100,10,Verizon
1843.53994,100,10,Verizon
1857.271822,100,10,Verizon
1846.023707,100,10,Verizon
1708.137903,100,10,Verizon
167.5703706,100,10,Verizon
371.9858942,100,10,Verizon
658.9066534,100,10,Verizon
721.6638831,100,10,Verizon
710.6482321,100,10,Verizon
810.3140501,100,10,Verizon
759.976884,100,10,Verizon
833.2275657,100,10,Verizon
835.2022341,100,10,Verizon
882.2454885,100,10,Verizon
929.9893945,100,10,Verizon
980.8704117,100,10,Verizon
1076.255131,100,10,Verizon
1051.561255,100,10,Verizon
1251.386733,100,10,Verizon
1353.990789,100,10,Verizon
1498.225891,100,10,Verizon
1494.920949,100,10,Verizon
1545.988773,100,10,Verizon
1522.701693,100,10,Verizon
1516.224224,100,10,Verizon
1525.794446,100,10,Verizon
1578.795172,100,10,Verizon
1542.569735,100,10,Verizon
1565.734751,100,10,Verizon
1544.403523,100,10,Verizon
1580.730457,100,10,Verizon
1637.54742,100,10,Verizon
1689.048415,100,10,Verizon
1801.509257,100,10,Verizon
1776.293241,100,10,Verizon
1712.709579,100,10,Verizon
1718.49056,100,10,Verizon
1803.354373,100,10,Verizon
1812.17308,100,10,Verizon
1784.282335,100,10,Verizon
1733.577268,100,10,Verizon
1672.168302,100,10,Verizon
1666.928069,100,10,Verizon
1584.777557,100,10,Verizon
1812.076057,100,10,Verizon
1818.501666,100,10,Verizon
1831.559808,100,10,Verizon
1815.123807,100,10,Verizon
1793.780378,100,10,Verizon
1844.660582,100,10,Verizon
1848.179108,100,10,Verizon
1802.661754,100,10,Verizon
1851.957589,100,10,Verizon
1739.278977,100,10,Verizon
1662.285722,100,10,Verizon
1695.165639,100,10,Verizon
1692.602426,100,10,Verizon
1642.643965,100,10,Verizon
1659.932984,100,10,Verizon
1722.342717,100,10,Verizon
1713.858819,100,10,Verizon
1716.859396,100,10,Verizon
1656.768601,100,10,Verizon
1706.611485,100,10,Verizon
1660.944046,100,10,Verizon
189.1830217,100,10,Verizon
479.4080012,100,10,Verizon
811.124595,100,10,Verizon
835.0721599,100,10,Verizon
813.3514344,100,10,Verizon
992.4826652,100,10,Verizon
923.696762,100,10,Verizon
1067.378189,100,10,Verizon
1043.948266,100,10,Verizon
892.5768238,100,10,Verizon
926.6970142,100,10,Verizon
996.9742207,100,10,Verizon
1060.728284,100,10,Verizon
1011.806742,100,10,Verizon
1058.600491,100,10,Verizon
1093.948004,100,10,Verizon
1104.844339,100,10,Verizon
1109.441046,100,10,Verizon
1244.99031,100,10,Verizon
1218.663551,100,10,Verizon
1241.460931,100,10,Verizon
1243.056,100,10,Verizon
1216.951303,100,10,Verizon
1381.908936,100,10,Verizon
1287.391512,100,10,Verizon
1378.476827,100,10,Verizon
1457.802057,100,10,Verizon
1564.824193,100,10,Verizon
1563.999025,100,10,Verizon
1469.384704,100,10,Verizon
1280.647436,100,10,Verizon
1743.977786,100,10,Verizon
1760.691643,100,10,Verizon
1496.149751,100,10,Verizon
1376.404606,100,10,Verizon
1535.876541,100,10,Verizon
1314.258733,100,10,Verizon
1761.286798,100,10,Verizon
1751.34122,100,10,Verizon
1745.515335,100,10,Verizon
1661.650006,100,10,Verizon
1595.30526,100,10,Verizon
1583.58486,100,10,Verizon
1436.385687,100,10,Verizon
1494.541459,100,10,Verizon
1445.604812,100,10,Verizon
1675.977704,100,10,Verizon
1719.370167,100,10,Verizon
1522.502151,100,10,Verizon
1465.635431,100,10,Verizon
1748.793448,100,10,Verizon
1661.605763,100,10,Verizon
1703.158196,100,10,Verizon
1435.249351,100,10,Verizon
1776.156576,100,10,Verizon
1732.240492,100,10,Verizon
1742.536685,100,10,Verizon
1759.004612,100,10,Verizon
1633.208371,100,10,Verizon
1774.086059,100,10,Verizon
1149.918187,100,10,Verizon
69.51462503,100,10,Verizon
119.8767484,100,10,Verizon
204.092602,100,10,Verizon
381.4283822,100,10,Verizon
462.6542167,100,10,Verizon
996.8750618,100,10,Verizon
1436.534735,100,10,Verizon
1625.336589,100,10,Verizon
1635.777,100,10,Verizon
1090.5245,100,10,Verizon
1656.73191,100,10,Verizon
1656.728355,100,10,Verizon
1635.76218,100,10,Verizon
1646.284338,100,10,Verizon
1635.809371,100,10,Verizon
1667.192514,100,10,Verizon
1688.221045,100,10,Verizon
1677.75,100,10,Verizon
1635.78363,100,10,Verizon
1656.698732,100,10,Verizon
1604.32281,100,10,Verizon
1090.549461,100,10,Verizon
912.2402405,100,10,Verizon
1048.5875,100,10,Verizon
1069.529415,100,10,Verizon
482.348295,100,10,Verizon
1226.836553,100,10,Verizon
1499.472618,100,10,Verizon
1572.844875,100,10,Verizon
1457.551221,100,10,Verizon
1436.418639,100,10,Verizon
1499.603118,100,10,Verizon
1583.376563,100,10,Verizon
1572.884625,100,10,Verizon
996.1032644,100,10,Verizon
817.9031252,100,10,Verizon
912.2630775,100,10,Verizon
167.77116,100,10,Verizon
1027.592965,100,10,Verizon
1373.655193,100,10,Verizon
1499.466898,100,10,Verizon
1530.983743,100,10,Verizon
1625.18237,100,10,Verizon
1562.414001,100,10,Verizon
1593.84502,100,10,Verizon
1635.77193,100,10,Verizon
1352.585967,100,10,Verizon
1195.430507,100,10,Verizon
1205.878213,100,10,Verizon
1216.34555,100,10,Verizon
1468.01235,100,10,Verizon
1520.4323,100,10,Verizon
1247.402458,100,10,Verizon
1342.616143,100,10,Verizon
1384.072142,100,10,Verizon
1289.796144,100,10,Verizon
1048.548751,100,10,Verizon
890.9511098,100,10,Verizon
412.6960902,100,10,Verizon
855.7976003,100,10,Verizon
754.1860785,100,10,Verizon
758.3458235,100,10,Verizon
859.5546666,100,10,Verizon
855.6507919,100,10,Verizon
832.9950456,100,10,Verizon
837.8437955,100,10,Verizon
838.9814183,100,10,Verizon
794.4233323,100,10,Verizon
849.3211007,100,10,Verizon
1053.951051,100,10,Verizon
1204.237668,100,10,Verizon
1276.018541,100,10,Verizon
1267.68242,100,10,Verizon
1272.455967,100,10,Verizon
1244.776863,100,10,Verizon
1217.426128,100,10,Verizon
1259.196225,100,10,Verizon
1105.509096,100,10,Verizon
1162.45526,100,10,Verizon
1227.183031,100,10,Verizon
1120.001104,100,10,Verizon
814.3977145,100,10,Verizon
909.9301311,100,10,Verizon
943.5580671,100,10,Verizon
941.0315565,100,10,Verizon
940.3003496,100,10,Verizon
926.7453196,100,10,Verizon
856.5867491,100,10,Verizon
847.271142,100,10,Verizon
831.1035937,100,10,Verizon
866.1247964,100,10,Verizon
889.1212165,100,10,Verizon
938.1884602,100,10,Verizon
972.1808779,100,10,Verizon
980.539384,100,10,Verizon
994.5563405,100,10,Verizon
965.6716384,100,10,Verizon
963.0990472,100,10,Verizon
1020.328282,100,10,Verizon
1119.007933,100,10,Verizon
894.25152,100,10,Verizon
875.7729936,100,10,Verizon
966.0553756,100,10,Verizon
1018.527541,100,10,Verizon
1008.552193,100,10,Verizon
988.6261885,100,10,Verizon
999.0000821,100,10,Verizon
955.455701,100,10,Verizon
1004.298322,100,10,Verizon
1015.944048,100,10,Verizon
897.0057645,100,10,Verizon
907.1896407,100,10,Verizon
985.1390285,100,10,Verizon
1037.660976,100,10,Verizon
923.5240014,100,10,Verizon
804.8609849,100,10,Verizon
904.4702913,100,10,Verizon
925.1035456,100,10,Verizon
504.9945621,100,10,Verizon
151.8387912,100,10,Verizon
223.9058696,100,10,Verizon
310.5866473,100,10,Verizon
337.3367821,100,10,Verizon
352.7020382,100,10,Verizon
366.0724365,100,10,Verizon
376.9749818,100,10,Verizon
372.999766,100,10,Verizon
370.0310087,100,10,Verizon
384.9000425,100,10,Verizon
391.3329072,100,10,Verizon
426.4989606,100,10,Verizon
466.6221112,100,10,Verizon
491.8781727,100,10,Verizon
558.7778036,100,10,Verizon
649.4234631,100,10,Verizon
705.9095117,100,10,Verizon
861.1851186,100,10,Verizon
1026.282258,100,10,Verizon
1038.08925,100,10,Verizon
1258.317601,100,10,Verizon
1300.24199,100,10,Verizon
1289.738025,100,10,Verizon
1289.753708,100,10,Verizon
1342.16384,100,10,Verizon
1268.755483,100,10,Verizon
1300.275781,100,10,Verizon
1258.2876,100,10,Verizon
1310.704063,100,10,Verizon
1300.25005,100,10,Verizon
1331.683265,100,10,Verizon
1289.703587,100,10,Verizon
1321.259942,100,10,Verizon
1300.189912,100,10,Verizon
1321.244191,100,10,Verizon
1300.23796,100,10,Verizon
1321.175521,100,10,Verizon
1289.734335,100,10,Verizon
1268.798438,100,10,Verizon
1279.24747,100,10,Verizon
1289.813981,100,10,Verizon
1300.190221,100,10,Verizon
1331.718191,100,10,Verizon
1289.736795,100,10,Verizon
1310.72125,100,10,Verizon
1342.127682,100,10,Verizon
1300.25501,100,10,Verizon
1310.714688,100,10,Verizon
1310.734375,100,10,Verizon
1310.682189,100,10,Verizon
1321.247971,100,10,Verizon
1331.679455,100,10,Verizon
1310.71875,100,10,Verizon
1342.210881,100,10,Verizon
1289.703279,100,10,Verizon
1352.699483,100,10,Verizon
1331.758198,100,10,Verizon
1310.223313,100,10,Verizon
1290.151123,100,10,Verizon
1345.837796,100,10,Verizon
60.24623817,100,10,Verizon
103.0364276,100,10,Verizon
172.3868418,100,10,Verizon
324.9512791,100,10,Verizon
488.4361394,100,10,Verizon
532.9876635,100,10,Verizon
554.8403719,100,10,Verizon
558.2701876,100,10,Verizon
567.1735423,100,10,Verizon
577.5903108,100,10,Verizon
620.6755734,100,10,Verizon
684.59715,100,10,Verizon
737.5857644,100,10,Verizon
842.8610447,100,10,Verizon
943.2331428,100,10,Verizon
1059.055448,100,10,Verizon
1195.381485,100,10,Verizon
1342.18272,100,10,Verizon
1551.845861,100,10,Verizon
1656.761535,100,10,Verizon
1688.253246,100,10,Verizon
1625.269938,100,10,Verizon
1677.797203,100,10,Verizon
1625.195156,100,10,Verizon
1625.390456,100,10,Verizon
1677.6964,100,10,Verizon
1635.707973,100,10,Verizon
1698.70527,100,10,Verizon
1740.663965,100,10,Verizon
1709.156468,100,10,Verizon
1719.68186,100,10,Verizon
1656.755215,100,10,Verizon
1719.624871,100,10,Verizon
1688.222655,100,10,Verizon
1698.69474,100,10,Verizon
1688.258077,100,10,Verizon
1688.138133,100,10,Verizon
1698.720255,100,10,Verizon
1646.277665,100,10,Verizon
1583.322958,100,10,Verizon
1772.126818,100,10,Verizon
1782.563475,100,10,Verizon
1730.133075,100,10,Verizon
1793.093603,100,10,Verizon
1751.119833,100,10,Verizon
1740.536981,100,10,Verizon
1751.297288,100,10,Verizon
1740.536981,100,10,Verizon
1728.21629,100,10,Verizon
1753.115244,100,10,Verizon
1740.625785,100,10,Verizon
1761.57954,100,10,Verizon
1709.209443,100,10,Verizon
1866.469285,100,10,Verizon
1835.00975,100,10,Verizon
1845.071457,100,10,Verizon
1845.936506,100,10,Verizon
1671.715446,100,10,Verizon
67.52577271,100,10,Verizon
143.3101452,100,10,Verizon
210.0632703,100,10,Verizon
244.71103,100,10,Verizon
294.3928399,100,10,Verizon
329.5609297,100,10,Verizon
306.7904728,100,10,Verizon
317.6907917,100,10,Verizon
350.2558276,100,10,Verizon
330.7448159,100,10,Verizon
357.2022237,100,10,Verizon
357.2346159,100,10,Verizon
336.2621311,100,10,Verizon
280.8650897,100,10,Verizon
283.6907654,100,10,Verizon
429.5427053,100,10,Verizon
435.0473437,100,10,Verizon
430.58401,100,10,Verizon
408.9421626,100,10,Verizon
443.7619446,100,10,Verizon
413.2435163,100,10,Verizon
455.5386144,100,10,Verizon
516.7533494,100,10,Verizon
460.4664305,100,10,Verizon
408.775305,100,10,Verizon
437.786737,100,10,Verizon
400.1243784,100,10,Verizon
521.9226813,100,10,Verizon
372.5455592,100,10,Verizon
373.9721872,100,10,Verizon
368.4353509,100,10,Verizon
350.5237784,100,10,Verizon
411.2702852,100,10,Verizon
402.4636122,100,10,Verizon
432.1834281,100,10,Verizon
442.0636483,100,10,Verizon
436.4547585,100,10,Verizon
395.3449886,100,10,Verizon
427.6418192,100,10,Verizon
476.6355933,100,10,Verizon
480.2497164,100,10,Verizon
508.0744826,100,10,Verizon
434.509347,100,10,Verizon
436.0432085,100,10,Verizon
394.6504481,100,10,Verizon
371.6902253,100,10,Verizon
373.5296802,100,10,Verizon
330.2727257,100,10,Verizon
407.1929912,100,10,Verizon
408.6685703,100,10,Verizon
433.8972112,100,10,Verizon
337.9885417,100,10,Verizon
406.0804274,100,10,Verizon
344.0995398,100,10,Verizon
389.4895867,100,10,Verizon
360.9145828,100,10,Verizon
458.7251002,100,10,Verizon
497.6292156,100,10,Verizon
440.6352006,100,10,Verizon
393.5282062,100,10,Verizon
512.2876128,100,10,Verizon
66.48895273,100,10,Verizon
70.86709632,100,10,Verizon
130.8746179,100,10,Verizon
211.0026428,100,10,Verizon
310.4274688,100,10,Verizon
413.8804871,100,10,Verizon
422.7915534,100,10,Verizon
499.1471734,100,10,Verizon
507.6505504,100,10,Verizon
541.040636,100,10,Verizon
582.932269,100,10,Verizon
595.0611136,100,10,Verizon
667.553263,100,10,Verizon
734.0449123,100,10,Verizon
717.2959517,100,10,Verizon
799.6097157,100,10,Verizon
847.8267791,100,10,Verizon
881.8480039,100,10,Verizon
963.5542167,100,10,Verizon
996.710025,100,10,Verizon
1054.750617,100,10,Verizon
1075.871462,100,10,Verizon
1156.424211,100,10,Verizon
998.5884016,100,10,Verizon
978.3358573,100,10,Verizon
1003.188052,100,10,Verizon
988.1810983,100,10,Verizon
1040.622575,100,10,Verizon
1028.524905,100,10,Verizon
1103.925046,100,10,Verizon
1127.593589,100,10,Verizon
1076.15755,100,10,Verizon
933.6554749,100,10,Verizon
984.8112082,100,10,Verizon
1016.379699,100,10,Verizon
1030.811412,100,10,Verizon
1061.259845,100,10,Verizon
1119.245729,100,10,Verizon
1115.186088,100,10,Verizon
1181.400998,100,10,Verizon
1125.911201,100,10,Verizon
1186.1983,100,10,Verizon
1156.299825,100,10,Verizon
1177.78527,100,10,Verizon
963.6480577,100,10,Verizon
1221.690289,100,10,Verizon
1232.017169,100,10,Verizon
1172.70514,100,10,Verizon
1231.852359,100,10,Verizon
1256.086804,100,10,Verizon
1196.098187,100,10,Verizon
1150.645325,100,10,Verizon
1145.874857,100,10,Verizon
1136.460253,100,10,Verizon
1191.851976,100,10,Verizon
1174.162789,100,10,Verizon
1229.573198,100,10,Verizon
1215.931871,100,10,Verizon
1210.912267,100,10,Verizon
979.002624,100,10,Verizon
1165.314682,100,10,Verizon
54.34633404,100,10,Verizon
103.1105962,100,10,Verizon
128.5258075,100,10,Verizon
146.0580877,100,10,Verizon
262.8406692,100,10,Verizon
330.5728415,100,10,Verizon
268.0673282,100,10,Verizon
392.1815973,100,10,Verizon
402.657584,100,10,Verizon
400.8213272,100,10,Verizon
378.1719669,100,10,Verizon
437.9967303,100,10,Verizon
472.9154349,100,10,Verizon
488.1047279,100,10,Verizon
398.167293,100,10,Verizon
494.3270796,100,10,Verizon
598.3523653,100,10,Verizon
631.2554445,100,10,Verizon
664.9713951,100,10,Verizon
707.6435349,100,10,Verizon
786.7187728,100,10,Verizon
843.4367658,100,10,Verizon
929.6722527,100,10,Verizon
961.755392,100,10,Verizon
1030.837175,100,10,Verizon
1094.101077,100,10,Verizon
1145.516183,100,10,Verizon
1102.699283,100,10,Verizon
1225.89934,100,10,Verizon
1254.236009,100,10,Verizon
1187.668819,100,10,Verizon
1162.117489,100,10,Verizon
1114.280479,100,10,Verizon
1157.308889,100,10,Verizon
1188.803797,100,10,Verizon
1206.037412,100,10,Verizon
1214.447889,100,10,Verizon
1200.806899,100,10,Verizon
1303.086793,100,10,Verizon
1266.395499,100,10,Verizon
1282.50637,100,10,Verizon
1247.049264,100,10,Verizon
1324.075917,100,10,Verizon
1261.611086,100,10,Verizon
1266.398065,100,10,Verizon
1210.794826,100,10,Verizon
1166.73893,100,10,Verizon
994.5278319,100,10,Verizon
1009.113213,100,10,Verizon
916.1227743,100,10,Verizon
1008.308899,100,10,Verizon
1012.925895,100,10,Verizon
1031.860597,100,10,Verizon
1059.151664,100,10,Verizon
1060.175787,100,10,Verizon
1076.9602,100,10,Verizon
1043.316534,100,10,Verizon
1102.010602,100,10,Verizon
1133.999037,100,10,Verizon
1066.559586,100,10,Verizon
63.09634414,100,10,Verizon
80.40500558,100,10,Verizon
154.4460972,100,10,Verizon
237.9912861,100,10,Verizon
355.9642994,100,10,Verizon
452.6804718,100,10,Verizon
498.2465411,100,10,Verizon
541.185586,100,10,Verizon
507.9524619,100,10,Verizon
493.2049761,100,10,Verizon
556.5215822,100,10,Verizon
579.9829605,100,10,Verizon
586.9552213,100,10,Verizon
624.0993585,100,10,Verizon
623.9168331,100,10,Verizon
671.6340886,100,10,Verizon
704.2497802,100,10,Verizon
728.1529751,100,10,Verizon
727.1800088,100,10,Verizon
752.6740046,100,10,Verizon
821.2459511,100,10,Verizon
818.4291681,100,10,Verizon
818.74083,100,10,Verizon
910.356786,100,10,Verizon
907.638929,100,10,Verizon
909.4521474,100,10,Verizon
967.0664697,100,10,Verizon
963.5714795,100,10,Verizon
943.6670309,100,10,Verizon
932.6403159,100,10,Verizon
952.3485394,100,10,Verizon
967.4715015,100,10,Verizon
1020.351291,100,10,Verizon
864.1152457,100,10,Verizon
990.0004376,100,10,Verizon
976.8137927,100,10,Verizon
977.453409,100,10,Verizon
983.6343837,100,10,Verizon
965.2714913,100,10,Verizon
1038.05434,100,10,Verizon
1001.579479,100,10,Verizon
988.108657,100,10,Verizon
1004.98151,100,10,Verizon
1051.709011,100,10,Verizon
1027.563634,100,10,Verizon
1044.366882,100,10,Verizon
1039.725057,100,10,Verizon
1051.000645,100,10,Verizon
1047.42925,100,10,Verizon
1070.1534,100,10,Verizon
1020.537938,100,10,Verizon
1048.251315,100,10,Verizon
994.6501683,100,10,Verizon
1048.841077,100,10,Verizon
1056.517644,100,10,Verizon
1077.018693,100,10,Verizon
1025.092859,100,10,Verizon
1092.020764,100,10,Verizon
1058.803094,100,10,Verizon
86.75552174,100,10,Verizon
122.849031,100,10,Verizon
193.6828508,100,10,Verizon
283.3521521,100,10,Verizon
426.0074671,100,10,Verizon
499.8037618,100,10,Verizon
509.192385,100,10,Verizon
542.4295137,100,10,Verizon
581.0950678,100,10,Verizon
500.3942946,100,10,Verizon
616.3949938,100,10,Verizon
675.8458048,100,10,Verizon
695.1854175,100,10,Verizon
794.0151664,100,10,Verizon
772.8900239,100,10,Verizon
869.4742689,100,10,Verizon
954.2279912,100,10,Verizon
1017.182805,100,10,Verizon
1121.95278,100,10,Verizon
1205.850325,100,10,Verizon
1300.239433,100,10,Verizon
1468.047526,100,10,Verizon
1562.37824,100,10,Verizon
1625.296094,100,10,Verizon
1613.664591,100,10,Verizon
1605.413008,100,10,Verizon
1634.033419,100,10,Verizon
1616.578827,100,10,Verizon
1646.152465,100,10,Verizon
1645.713042,100,10,Verizon
1646.858878,100,10,Verizon
1436.530454,100,10,Verizon
1698.665985,100,10,Verizon
1656.819702,100,10,Verizon
1646.221539,100,10,Verizon
1646.293954,100,10,Verizon
1667.195892,100,10,Verizon
1667.230871,100,10,Verizon
1667.3225,100,10,Verizon
1656.697152,100,10,Verizon
1676.891611,100,10,Verizon
1657.535712,100,10,Verizon
1677.783702,100,10,Verizon
1656.678786,100,10,Verizon
1709.293395,100,10,Verizon
1709.12937,100,10,Verizon
1740.705779,100,10,Verizon
1698.631967,100,10,Verizon
1709.226763,100,10,Verizon
1698.6915,100,10,Verizon
1719.587358,100,10,Verizon
1688.273171,100,10,Verizon
1604.300434,100,10,Verizon
1751.134132,100,10,Verizon
1709.110423,100,10,Verizon
1656.720258,100,10,Verizon
1677.805504,100,10,Verizon
1646.236257,100,10,Verizon
1646.241359,100,10,Verizon
1385.603178,100,10,Verizon
64.38315178,100,10,Verizon
107.991074,100,10,Verizon
167.4355323,100,10,Verizon
258.0766223,100,10,Verizon
364.0863448,100,10,Verizon
508.7510039,100,10,Verizon
541.0168682,100,10,Verizon
564.4262876,100,10,Verizon
669.5322253,100,10,Verizon
542.7677552,100,10,Verizon
520.7197733,100,10,Verizon
611.2251842,100,10,Verizon
660.3886943,100,10,Verizon
667.7760581,100,10,Verizon
729.5219028,100,10,Verizon
727.7659576,100,10,Verizon
728.8581962,100,10,Verizon
774.2852532,100,10,Verizon
745.8947122,100,10,Verizon
771.0759259,100,10,Verizon
831.5669226,100,10,Verizon
717.8737452,100,10,Verizon
770.7392676,100,10,Verizon
856.1762275,100,10,Verizon
713.4361507,100,10,Verizon
488.6292892,100,10,Verizon
623.9364118,100,10,Verizon
625.7754802,100,10,Verizon
688.7388861,100,10,Verizon
687.7326967,100,10,Verizon
697.5150314,100,10,Verizon
706.711953,100,10,Verizon
747.6997648,100,10,Verizon
725.7268318,100,10,Verizon
758.1615926,100,10,Verizon
802.5947281,100,10,Verizon
810.7757178,100,10,Verizon
741.0238799,100,10,Verizon
771.8131686,100,10,Verizon
960.6742245,100,10,Verizon
985.5227443,100,10,Verizon
1068.974516,100,10,Verizon
1111.438357,100,10,Verizon
1205.911852,100,10,Verizon
1300.23424,100,10,Verizon
1405.119981,100,10,Verizon
1509.896522,100,10,Verizon
1562.354773,100,10,Verizon
1698.698183,100,10,Verizon
1730.202273,100,10,Verizon
1646.295622,100,10,Verizon
1604.314778,100,10,Verizon
1541.40672,100,10,Verizon
1541.412876,100,10,Verizon
1656.745143,100,10,Verizon
1635.76881,100,10,Verizon
1541.318893,100,10,Verizon
1688.214102,100,10,Verizon
1598.181911,100,10,Verizon
51.6816297,100,10,Verizon
76.71068264,100,10,Verizon
119.0024311,100,10,Verizon
192.694259,100,10,Verizon
263.5412748,100,10,Verizon
349.2033235,100,10,Verizon
313.0690875,100,10,Verizon
355.1734799,100,10,Verizon
351.3671737,100,10,Verizon
426.3701237,100,10,Verizon
501.2967903,100,10,Verizon
536.9783056,100,10,Verizon
610.3595732,100,10,Verizon
575.3817322,100,10,Verizon
684.2395674,100,10,Verizon
569.1946593,100,10,Verizon
690.9060158,100,10,Verizon
879.7248618,100,10,Verizon
912.244699,100,10,Verizon
1017.13909,100,10,Verizon
1059.024644,100,10,Verizon
1174.435641,100,10,Verizon
1236.949861,100,10,Verizon
1101.265787,100,10,Verizon
1142.927267,100,10,Verizon
1247.879076,100,10,Verizon
1352.649495,100,10,Verizon
1435.436686,100,10,Verizon
1437.180025,100,10,Verizon
1395.088788,100,10,Verizon
1478.425717,100,10,Verizon
1436.590821,100,10,Verizon
1457.549831,100,10,Verizon
1499.454743,100,10,Verizon
1488.884206,100,10,Verizon
1468.046039,100,10,Verizon
1331.750101,100,10,Verizon
1300.187432,100,10,Verizon
1394.635341,100,10,Verizon
1405.112945,100,10,Verizon
1457.513343,100,10,Verizon
1373.68123,100,10,Verizon
1467.994675,100,10,Verizon
1520.39877,100,10,Verizon
1520.423056,100,10,Verizon
1572.901782,100,10,Verizon
1551.796286,100,10,Verizon
1436.577891,100,10,Verizon
1583.231045,100,10,Verizon
1677.881015,100,10,Verizon
1656.75008,100,10,Verizon
1646.205055,100,10,Verizon
1730.159063,100,10,Verizon
1729.519093,100,10,Verizon
1751.778789,100,10,Verizon
1740.677972,100,10,Verizon
1719.674993,100,10,Verizon
1740.613543,100,10,Verizon
1730.103789,100,10,Verizon
1794.778315,100,10,Verizon
126.9297906,100,10,Verizon
336.8604813,100,10,Verizon
405.2242352,100,10,Verizon
381.269023,100,10,Verizon
343.3431362,100,10,Verizon
287.8465823,100,10,Verizon
387.6639811,100,10,Verizon
354.941408,100,10,Verizon
309.9860374,100,10,Verizon
354.1584236,100,10,Verizon
285.8054403,100,10,Verizon
385.3126676,100,10,Verizon
392.2386183,100,10,Verizon
313.8205824,100,10,Verizon
286.9797368,100,10,Verizon
366.7735991,100,10,Verizon
423.0334498,100,10,Verizon
338.7866335,100,10,Verizon
381.1690145,100,10,Verizon
329.6931945,100,10,Verizon
414.0549756,100,10,Verizon
353.9767699,100,10,Verizon
327.9261759,100,10,Verizon
370.3977535,100,10,Verizon
369.400044,100,10,Verizon
442.3129201,100,10,Verizon
400.3251459,100,10,Verizon
360.9938576,100,10,Verizon
432.2907718,100,10,Verizon
368.89984,100,10,Verizon
321.50784,100,10,Verizon
400.8793372,100,10,Verizon
417.2345129,100,10,Verizon
364.4628023,100,10,Verizon
359.4043716,100,10,Verizon
268.5523063,100,10,Verizon
382.3684262,100,10,Verizon
379.4186181,100,10,Verizon
363.9248087,100,10,Verizon
384.972739,100,10,Verizon
381.8258042,100,10,Verizon
310.5077681,100,10,Verizon
381.4066874,100,10,Verizon
386.3961016,100,10,Verizon
291.0404473,100,10,Verizon
310.0006135,100,10,Verizon
402.8669615,100,10,Verizon
300.8127209,100,10,Verizon
339.1850725,100,10,Verizon
371.3684057,100,10,Verizon
360.4179478,100,10,Verizon
358.8158031,100,10,Verizon
281.9420655,100,10,Verizon
384.2644287,100,10,Verizon
385.9397652,100,10,Verizon
304.0523889,100,10,Verizon
346.048396,100,10,Verizon
335.5356002,100,10,Verizon
377.5300248,100,10,Verizon
293.563065,100,10,Verizon
283.4218962,100,10,Verizon
170.5577766,100,10,Verizon
629.2802233,100,10,Verizon
1067.707162,100,10,Verizon
1260.006747,100,10,Verizon
1336.168664,100,10,Verizon
1393.393842,100,10,Verizon
1353.853144,100,10,Verizon
1373.539592,100,10,Verizon
1363.1436,100,10,Verizon
1352.758829,100,10,Verizon
1372.410474,100,10,Verizon
1364.363106,100,10,Verizon
1384.074781,100,10,Verizon
1372.890229,100,10,Verizon
1384.922354,100,10,Verizon
1373.630303,100,10,Verizon
1363.1488,100,10,Verizon
1384.119,100,10,Verizon
1373.611308,100,10,Verizon
1363.098102,100,10,Verizon
1394.673248,100,10,Verizon
1468.01655,100,10,Verizon
1436.540558,100,10,Verizon
1310.727813,100,10,Verizon
1383.168595,100,10,Verizon
1363.684279,100,10,Verizon
1392.347745,100,10,Verizon
1365.36891,100,10,Verizon
1363.1488,100,10,Verizon
1384.12032,100,10,Verizon
1340.702422,100,10,Verizon
1291.162376,100,10,Verizon
1321.21521,100,10,Verizon
1351.451848,100,10,Verizon
1499.558423,100,10,Verizon
1447.01004,100,10,Verizon
1343.321935,100,10,Verizon
1300.22897,100,10,Verizon
1300.22897,100,10,Verizon
1310.72,100,10,Verizon
1445.970648,100,10,Verizon
1478.961134,100,10,Verizon
1447.561887,100,10,Verizon
1457.591881,100,10,Verizon
1436.541928,100,10,Verizon
1446.84412,100,10,Verizon
1447.250537,100,10,Verizon
1436.544668,100,10,Verizon
1447.03626,100,10,Verizon
1426.06472,100,10,Verizon
1405.08782,100,10,Verizon
1342.17984,100,10,Verizon
1310.624382,100,10,Verizon
1342.267206,100,10,Verizon
1321.212375,100,10,Verizon
1373.63718,100,10,Verizon
1321.20324,100,10,Verizon
1331.684853,100,10,Verizon
1331.702315,100,10,Verizon
1321.204185,100,10,Verizon
1350.632598,100,10,Verizon
149.4570893,100,10,Verizon
455.9914684,100,10,Verizon
819.6881909,100,10,Verizon
951.9895963,100,10,Verizon
962.0259085,100,10,Verizon
918.0651995,100,10,Verizon
980.7279822,100,10,Verizon
967.7047695,100,10,Verizon
969.1298992,100,10,Verizon
964.8604236,100,10,Verizon
940.1183401,100,10,Verizon
966.9936341,100,10,Verizon
966.3573759,100,10,Verizon
943.8077797,100,10,Verizon
962.9451725,100,10,Verizon
903.7451025,100,10,Verizon
945.1555137,100,10,Verizon
930.7774996,100,10,Verizon
826.95948,100,10,Verizon
773.9810528,100,10,Verizon
805.2485156,100,10,Verizon
788.6562444,100,10,Verizon
790.0171062,100,10,Verizon
781.5315269,100,10,Verizon
795.9200097,100,10,Verizon
775.94624,100,10,Verizon
775.950125,100,10,Verizon
765.4573775,100,10,Verizon
775.9455,100,10,Verizon
807.4108351,100,10,Verizon
849.3447375,100,10,Verizon
828.3791875,100,10,Verizon
817.8787501,100,10,Verizon
859.83396,100,10,Verizon
880.81014,100,10,Verizon
838.8574,100,10,Verizon
849.34818,100,10,Verizon
828.3685226,100,10,Verizon
859.83396,100,10,Verizon
859.8444152,100,10,Verizon
838.8506001,100,10,Verizon
796.91776,100,10,Verizon
828.37346,100,10,Verizon
849.3202358,100,10,Verizon
838.8936013,100,10,Verizon
807.3929326,100,10,Verizon
838.8684001,100,10,Verizon
786.4273125,100,10,Verizon
849.34656,100,10,Verizon
838.8608,100,10,Verizon
786.4303125,100,10,Verizon
828.37504,100,10,Verizon
816.8275201,100,10,Verizon
839.9560281,100,10,Verizon
807.4156477,100,10,Verizon
744.4770677,100,10,Verizon
807.40429,100,10,Verizon
775.949385,100,10,Verizon
775.942355,100,10,Verizon
817.8885,100,10,Verizon
885.4368388,100,10,Verizon